name,year,party,id
"ALEXANDER, ANDREW LAMAR",2000,REP,P60003225
"ASHE, WARREN RODERICK ",2000,DEM,P00003715
"AWARD, DONALD PAUL",2000,DEM,P00003632
"BALLARD, GEORGE H III",2000,DEM,P20001418
"BARNECK, TODD ALAN",2000,DEM,P00003202
"BAUER, GARY L",2000,REP,P00003491
"BECK, JERRY GARTH",2000,DEM,P00004044
"BENTLEY, THOMAS A",2000,REP,P00002592
"BERRY, SAMUEL HARPER JR",2000,REP,P00001073
"BIRCHLER, DAVID HAROLD",2000,REP,P60004058
"BLODGETT, LYNDA DANYELLE",2000,REP,P00004192
"BRADLEY, BILL",2000,DEM,P80000516
"BRANOM, HERMAN ROY",2000,DEM,P00004283
"BROWNSTEIN, LAWRENCE F",2000,DEM,P60003167
"BUSH, GEORGE W",2000,REP,P00003335
"CAIN, HERMAN",2000,REP,P00003608
"CALDERWOOD, RICHARD EUGENE",2000,REP,P00003921
"CAPLETTE, RAYMOND JOSEPH",2000,DEM,P20000329
"CARROLL, JAMES MCEVERRET",2000,DEM,P00001081
"CARTER, WILLIE FELIX",2000,DEM,P80000268
"CHAVIS-ROCKER, ANGEL JOY",2000,REP,P00003350
"CHRISTENSEN, FRANKLIN DEAN",2000,REP,P60002516
"CLARK, LAWRENCE (LARRY) JAMES",2000,REP,P00003285
"COLEMAN, JAMES ANDREA",2000,DEM,P00003574
"CROW, RANDOLPH WILSON",2000,REP,P00003343
"DAILEY, MITCHELL ERNEST",2000,REP,P00003947
"DAVIS, MIGNON MARIE",2000,DEM,P40003311
"DOLE, ELIZABETH",2000,REP,P00003319
"DOTY, CHARLES R",2000,DEM,P40000473
"FABISH, THOMAS S",2000,REP,P80000870
"FELLURE, LOWELL JACKSON",2000,REP,P20000089
"FITZPATRICK, JOHN MICHAEL",2000,REP,P00004010
"FLYNN, RICHARD FRANCIS",2000,DEM,P20001475
"FORBES, STEVE",2000,REP,P60003852
"FOUTCH, MARSHA AILEEN LANNAN",2000,DEM,P80001340
"GARINGER, CHARLES EUGENE",2000,DEM,P00003541
"GIBSON, EDWARD PRINCE",2000,DEM,P00003723
"GIULIANI, RUDOLPH W",2000,REP,P00003251
"GLEITMAN, BENJAMIN SAMSON",2000,REP,P60003449
"GORE, AL",2000,DEM,P80000912
"GOSTIGIAN, KRIKOR",2000,REP,P40002693
"GRAY, HOSANNA JESSE O",2000,DEM,P80001936
"GUMZ, MARCUS JOY",2000,REP,P00004127
"HANKINS, GERALD LAMAR MR",2000,DEM,P00004135
"HARDER, HEATHER ANNE DR",2000,DEM,P60003035
"HARRIS, CALVIN DURANT",2000,DEM,P80002777
"HATCHER, JEFFERY",2000,DEM,P00004267
"HATCH, ORRIN GRANT",2000,REP,P00003806
"HOWARD, MILDRED (MILLIE)",2000,REP,P20000550
"HUNT, HARRY SUMNER",2000,REP,P00003525
"IWACHIW, WALTER N",2000,REP,P00004846
"JACKSON, MICHAEL JOESEPH MR",2000,REP,P00003707
"JARBOE, STEVEN RYAN",2000,REP,P00004655
"JOBE, MARK ALLEN",2000,REP,P00003434
"JOHNSON, DERRICK CHRISTOPHER",2000,REP,P00003269
"JONES, ALFONZO",2000,DEM,P00004358
"JOSEPH, RHAWN ""GABRIEL"" PHD",2000,REP,P00004093
"JUDD, KEITH RUSSELL",2000,DEM,P60003530
"KALEMKARIAN, TIMOTHY CHARLES",2000,REP,P60003175
"KASICH, JOHN R",2000,REP,P60003670
"KOOS, THOMAS GEORGE",2000,DEM,P00004713
"LAROUCHE, LYNDON H JR",2000,DEM,P60000452
"LIEBERMAN, JOSEPH I",2000,DEM,P00004754
"LUSAK, STANLEIGH HAROLD",2000,REP,P00003590
"MALONE, YEHANNA JOAN M M",2000,REP,P00003814
"MARTIN, ANDY",2000,REP,P00003731
"MARTISKO, MIKE BENJAMIN",2000,REP,P00003756
"MASTERS, ISABELL DR PHD",2000,REP,P40000853
"MCCAIN, JOHN S.",2000,REP,P80002801
"MCDONALD, ANGUS WHEELER",2000,DEM,P80001191
"MESSIAH, (FREDDY IRWIN SITNICK)",2000,REP,P80000730
"MILLER, MICHAEL TRACY",2000,DEM,P00003475
"MOLER, BRADLEY WILLIAM",2000,REP,P00003558
"MOREAU, ROBERT EDWARD",2000,REP,P00003327
"MORROW, JOSEPH UNDERWOOD",2000,REP,P00004325
"MOSBY, TIM LEE",2000,REP,P00002253
"MUZYK, GEORGE ALEXANDER",2000,DEM,P00000729
"NESBIT, DAVID WALTER",2000,DEM,P00003459
"NICHOLSON, DAVID LEE",2000,DEM,P00003178
"OGIN, FREDERICK EUGENE",2000,DEM,P40000382
"PERESAD, MITCHELL MATTHEW JR",2000,DEM,P60004728
"PETERS, JEFFREY BLAIR",2000,DEM,P00004150
"POLAND, HAROLD LAWRENCE",2000,DEM,P00002667
"PRATTAS, JAMES ",2000,REP,P00003236
"QUAYLE, DAN",2000,REP,P80002587
"RAPUANO, LOUIS JAMES JR",2000,REP,P00004317
"REED, LARRY KEITH (VICE PRES)",2000,DEM,P00003772
"ROBERTS, JOHN DAVID",2000,REP,P00003194
"ROGERS, ALFORD",2000,REP,P60003563
"ROGERS, TENNIE BEATRICE",2000,REP,P20001210
"SCHUMAKER, ROBERT GRANER",2000,REP,P00003673
"SHEPHERD, LARRY E",2000,DEM,P60004314
"SLINKER, KEITH HAROLD",2000,REP,P20001640
"SMITH, ROBERT C",2000,REP,P00003376
"TAYLOR, JAMES",2000,REP,P00004184
"THOMPSON, FRED DALTON",2000,REP,P00003186
"TOMEO, BEN J",2000,DEM,P60003662
"TOROSIAN, MICHAEL PAUL",2000,REP,P00004291
"TURNER, JOE",2000,REP,P00003939
"VICK, CHARLES GORDON DR",2000,REP,P80002793
"VITULLO, EVELYN LOUISE",2000,DEM,P00004200
"WALDRON, PATRICK",2000,REP,P00003798
"WATSON, GARRY RAY MR",2000,DEM,P00001461
"WATTS, VERA",2000,DEM,P20001632
"WESTOVER, VEREL TRACY SR",2000,REP,P00003988
"WINTERBOTTOM, THOMAS FRANCIS",2000,DEM,P00003244
"YOUNG, RUBIN",2000,DEM,P60004132
"ALEXANDER-PACE, JAMES",2004,DEM,P40003204
"ASHE, WARREN RODERICK ",2004,DEM,P00003715
"AWARD, DONALD PAUL",2004,DEM,P00003632
"AYERS, ROBERT J",2004,DEM,P40002735
"BALLARD, GEORGE HENRY III",2004,DEM,P40003089
"BECK, JERRY GARTH",2004,DEM,P00004044
"BECK, SANDERSON",2004,DEM,P40002461
"BELLINGER, JIM",2004,DEM,P40002438
"BLAKLEY, WILLIAM",2004,DEM,P40002784
"BRAUN, CAROL MOSELEY",2004,DEM,P40002552
"BRAUN, HARRY WILLIAM III",2004,DEM,P40003139
"BRINSON-BUTTS, ALBERTHA",2004,REP,P40002149
"BUCHANAN, JOHN HOWARD",2004,REP,P40003162
"BUKEWIHGE, EDIE",2004,DEM,P40002909
"BUSH, GEORGE W",2004,REP,P00003335
"CAPLETTE, RAYMOND JOSEPH",2004,DEM,P20000329
"CARTER, WILLIE FELIX",2004,DEM,P80000268
"CAZNEAU, PATRICK LEE",2004,DEM,P40002271
"CHRISTENSEN, FRANKLIN DEAN",2004,REP,P60002516
"CLARKSON, S SCOTT",2004,REP,P40003402
"CLARK, WESLEY K",2004,DEM,P40002792
"COLEMAN, JAMES ANDREW",2004,DEM,P40002842
"DEAN, HOWARD",2004,DEM,P40002214
"EDWARDS, JOHN",2004,DEM,P40002347
"ESTRADA, JOHN ANTHONY",2004,DEM,P40002487
"FABISH, THOMAS S",2004,REP,P80000870
"FEINGOLD, RUSSELL D",2004,DEM,P40003063
"FELLURE, LOWELL JACKSON",2004,REP,P20000089
"FEY, SUSAN",2004,DEM,P40002586
"FINKELSTEIN, BARRY WYNNE",2004,DEM,P40002768
"FLYNN, RICHARD FRANCIS",2004,DEM,P20001475
"FOUTCH, MARSHA AILEEN LANNAN",2004,DEM,P80001340
"GEPHARDT, RICHARD A",2004,DEM,P80000581
"GIBSON, ROBERT ANTHONY (RAM ROD)",2004,DEM,P40003212
"GIDNER, BRUCE ALLEN",2004,REP,P40002040
"GILLHAM, GARY LYNN",2004,DEM,P40002065
"GLOVER, JAMES IRVIN",2004,DEM,P40000044
"GLOVER, MILDRED WILLIAMS",2004,DEM,P40002958
"GOIN-HARDING, CECILIA MARGARET",2004,DEM,P40003048
"GRAHAM, BOB",2004,DEM,P40002628
"GRAY, HOSANNA JESSE O",2004,DEM,P80001936
"GREEN, WILLIAM J III",2004,DEM,P40002800
"HARDY, AMANDA LOU",2004,DEM,P40002339
"HILL, KENNETH H.",2004,DEM,P40002941
"HOWARD, MILDRED (MILLIE)",2004,REP,P20000550
"HUNTER, DARRELL REECE",2004,DEM,P40003022
"JACKSON, DARIN",2004,DEM,P40003485
"JONES, ALFONZO",2004,DEM,P00004358
"KALEMKARIAN, TIMOTHY CHARLES",2004,REP,P60003175
"KENNEDY, JOHN JOSEPH",2004,DEM,P40003519
"KERRY, JOHN F",2004,DEM,P80000235
"KUCINICH, DENNIS J",2004,DEM,P40002545
"LAROUCHE, LYNDON H JR",2004,DEM,P60000452
"LEAVERTON, GLENN D",2004,DEM,P40002511
"LIEBERMAN, JOSEPH I",2004,DEM,P00004754
"MALLOY, STEVEN P",2004,DEM,P20000824
"MALONE, YEHANNA JOAN M M",2004,REP,P00003814
"MASON, JOHN CHRISTOPHER DR DO (RET)",2004,DEM,P40003253
"MASTERS, ISABELL DR PHD",2004,REP,P40000853
"MCFADDIN, KENNETH RAY",2004,DEM,P40002081
"MEADOWS, SHERRY ANN",2004,DEM,P20001061
"MELTON, GLENN HARLAN",2004,REP,P40003436
"MESSIAH, (FREDDY IRWIN SITNICK)",2004,REP,P80000730
"MILLER, AMATUL-MANNAN Q KATE BENGALEE",2004,DEM,P40003147
"MILLER, WILLIAM CLAY",2004,DEM,P00004234
"MILLS, ROBERT",2004,REP,P40003105
"MOLLENHOUR, GRADY DEAN REV JR",2004,DEM,P40002446
"MONTANEZ, MONTY",2004,REP,P40003246
"NUERENBERG, JOHN HENRY",2004,DEM,P40002701
"O'DONNELL, EDWARD THOMAS JR",2004,DEM,P40003055
"OGIN, FREDERICK EUGENE",2004,DEM,P40000382
"PENNA, FERN",2004,DEM,P40002305
"PRATTAS, JAMES ",2004,REP,P00003236
"RACZKOWSKI, RAYMOND J",2004,DEM,P40003071
"RAPUANO, LOUIS JAMES JR",2004,REP,P00004317
"REAUX, DONALD JAMES",2004,DEM,P40002818
"REED, JAMES CHRISTOPHER",2004,DEM,P40003113
"REED, LARRY KEITH (VICE PRES)",2004,DEM,P00003772
"SAFRAN, ADAM MICHAEL",2004,DEM,P40002370
"SAVIOR, OLOVEUSE SCORPIO",2004,DEM,P40002321
"SHARP, CRAIG ERIC",2004,DEM,P60003936
"SHARPTON, REV ALFRED C",2004,DEM,P40002404
"SLINKER, KEITH HAROLD",2004,REP,P20001640
"STAGGS, CLYDE LEROY",2004,REP,P60003019
"STREMSKY, KENNETH SCOT",2004,REP,P40002198
"TALBOW, LEONARD DENNIS",2004,DEM,P40002677
"TAYLOR, JAMES",2004,REP,P00004184
"TOMPKINS, L A (LINN) PRES",2004,REP,P40002263
"TRAFICANT, JAMES A JR",2004,DEM,P80001779
"VICK, CHARLES GORDON DR",2004,REP,P80002793
"VITULLO, EVELYN LOUISE",2004,DEM,P00004200
"WILLIAM, BLAKLEY",2004,DEM,P40002230
"WILLIAMS, HELEN MCMULLEN DR",2004,DEM,P40002891
"WINTERBOTTOM, THOMAS FRANCIS",2004,DEM,P00003244
"WOJCIECHOWSKI, LUCIAN",2004,DEM,P40002289
"WYATT, BILL",2004,REP,P40003014
"ZYCH, THOMAS F",2004,DEM,P40002560
"AARON, LAURA DAVIS",2008,DEM,P80002926
"ALGAR, VIRGINIA",2008,REP,P80004260
"ALLEN, GEORGE",2008,REP,P80002934
"ARANJO, ROLAND",2008,DEM,P80004294
"ARNOLD, KEITH L",2008,DEM,P80005614
"ARTERBURN, MICHAEL ANDREW",2008,REP,P80003882
"ASHE, WARREN RODERICK ",2008,DEM,P00003715
"BAILEY, GEORGE BRENT JR",2008,REP,P80003957
"BALLARD, GEORGE HENRY III",2008,DEM,P40003089
"BANKS, J E WENDELL KENNEDY",2008,REP,P80004815
"BARNETT, DANIEL JAMES",2008,REP,P80002827
"BAYH, EVAN",2008,DEM,P80003296
"BEARSON, TIMOTHY LEE",2008,REP,P80005184
"BIDEN, JOSEPH R JR",2008,DEM,P80000722
"BILLINGS-ELIAS, CHRISTINA GERASIMOS",2008,DEM,P80004120
"BLAKLEY, WILLIAM",2008,DEM,P40002784
"BLYTH, JOHN DOUGLAS",2008,DEM,P80003114
"BOND, TANYA ELIZABETH DR REV",2008,DEM,P80005325
"BOXER, BARBARA",2008,DEM,P80003247
"BOYER, ROBERT EDWIN",2008,DEM,P80003965
"BRADY, RYAN JOSEPH",2008,DEM,P80003494
"BROWNBACK, SAMUEL DALE",2008,REP,P80003288
"BROWN, ROBERT PAUL JR",2008,REP,P80005002
"BUCK, EDWARD ALLAN REV",2008,REP,P80003270
"BUNCH, ALLEN MATTHEW",2008,REP,P60004769
"BURNS, WILLIAM JASON",2008,REP,P80004583
"CAESAR, PRESIDENT EMPEROR",2008,DEM,P80003221
"CAMPBELL, JOHN LEE",2008,REP,P80003981
"CAPLETTE, RAYMOND JOSEPH",2008,DEM,P20000329
"CARDENAS, TOMMY C",2008,DEM,P40000101
"CARTER, ANTHONY LUNGO",2008,REP,P80003486
"CARTER, WILLIE FELIX",2008,DEM,P80000268
"CLINTON, HILLARY RODHAM / TIMOTHY MICHAEL KAINE",2008,DEM,P00003392
"CLUNE, EAMON PATRICK",2008,REP,P80003718
"COLE, ORLIN GENTRY",2008,REP,P80005028
"CORT, HUGH DR",2008,REP,P80003726
"COX, JOHN H",2008,REP,P80002983
"CROW, RANDOLPH WILSON",2008,REP,P00003343
"CUEVAS, NICKOLAS BEVAN (FARMER)",2008,REP,P80004823
"CURRY, JERRY RALPH",2008,REP,P80005085
"DIETZ, JACK L",2008,DEM,P80003593
"DODD, CHRISTOPHER J",2008,DEM,P80003387
"EDWARDS, JOHN",2008,DEM,P40002347
"EPSTEIN, PHILIP",2008,DEM,P80003585
"ESPINOSA, GARY MR",2008,DEM,P80003858
"FELLURE, LOWELL JACKSON",2008,REP,P20000089
"FENDIG, H NEAL JR (CAP)",2008,REP,P80004807
"FLYNN, RICHARD FRANCIS",2008,DEM,P20001475
"FORRESTER, MICHAEL KEITH",2008,DEM,P80003098
"FORTHAN, BOB LEONARD",2008,REP,P80003189
"FOX, HEATHER",2008,DEM,P80004781
"FRANCIS, DANNY M",2008,DEM,P80004278
"FRANK, DORY",2008,DEM,P80004195
"FURNISS, DAVID ERNST",2008,REP,P80004088
"GEISLER, ANNE HART",2008,REP,P80004286
"GIANNIBICEGO, HOA TRAN",2008,REP,P80005226
"GIBSON, ROBERT ANTHONY (RAM ROD)",2008,DEM,P40003212
"GILBERT, DANIEL AYERS",2008,REP,P80004013
"GILLEN, DONALD ROBERT",2008,DEM,P80004864
"GILMORE, JAMES S III",2008,REP,P80003379
"GINGRICH, NEWT",2008,REP,P60003654
"GITTELSON, EDWARD L",2008,DEM,P80003106
"GIULIANI, RUDOLPH W",2008,REP,P00003251
"GODWIN, WRENDO JOHNSON P",2008,DEM,P80004138
"GREEN, RAY FERRILL",2008,REP,P80001506
"GREENSPON, JON ADAM",2008,REP,P80004351
"HANKINS, GERALD LAMAR MR",2008,DEM,P00004135
"HARDY, AMANDA LOU",2008,DEM,P40002339
"HAYES, MICHAEL STANLEY",2008,DEM,P80003072
"HAYWARD, CURTIS",2008,REP,P80002959
"HENRY, JOHN ROBERT",2008,DEM,P80001456
"HEWES, HENRY",2008,DEM,P80004765
"HONEYCHURCH, JOE",2008,REP,P80003346
"HOWARD, ALBERT",2008,REP,P80004617
"HOWARD, MILDRED (MILLIE)",2008,REP,P20000550
"HUCKABEE, MIKE",2008,REP,P80003478
"HUGHES, WILLIAM C",2008,DEM,P80003536
"HUNTER, D R",2008,DEM,P80004831
"HUNTER, DUNCAN",2008,REP,P80003395
"HUTTON, ALEXANDER MICHAEL",2008,REP,P80003775
"IMPERATO, DANIEL J",2008,REP,P80002975
"JACKSON, MICHAEL JOESEPH MR",2008,REP,P00003707
"JOHNSON, JERRY ROLAND",2008,REP,P80004179
"JONES, ALFONZO",2008,DEM,P00004358
"JONES, ARNOLD MATTHEW",2008,DEM,P80002876
"JUDD, KEITH RUSSELL",2008,DEM,P60003530
"KALEMKARIAN, TIMOTHY CHARLES",2008,REP,P60003175
"KEITH GALLAGHER, ANTHONY",2008,REP,P80003049
"KENNEDY, JOHN JOSEPH",2008,DEM,P40003519
"KLEIN, MARK IRWIN",2008,REP,P80004161
"KOK, PHILIP ANTHONY",2008,REP,P80003627
"KOTTO, YAPHET",2008,REP,P80003700
"KRUEGER, KARL EVERETT",2008,DEM,P80003213
"KUCINICH, DENNIS J",2008,DEM,P40002545
"LAMAGNA, DAL",2008,DEM,P80004039
"LEE, MONROE",2008,REP,P80003734
"LINCOLN, BLANCHE",2008,DEM,P80002835
"LINK, ALDEN",2008,REP,P80003445
"LLOYD-DUFFIE, ELVENA E",2008,REP,P60003555
"LYNCH, FRANK",2008,REP,P80004567
"MACMILLAN, STEPHEN D",2008,REP,P80004062
"MALONE, YEHANNA JOAN M M",2008,REP,P00003814
"MARTIN, GREGORY BRYAN",2008,REP,P80004732
"MARTISKO, MIKE BENJAMIN",2008,REP,P00003756
"MASON, JOHN CHRISTOPHER DR DO (RET)",2008,DEM,P40003253
"MCCAIN, JOHN S.",2008,REP,P80002801
"MCCASKILL, CLAIRE (VP)",2008,DEM,P80005721
"MCFOY, ORLEANS VICTOR",2008,DEM,P80003940
"MCKINNEY, RAYMOND LOUIS",2008,REP,P80004203
"MEADOWS, SHERRY A",2008,DEM,P80003031
"MELTON, GLENN HARLAN",2008,REP,P40003436
"MESSIAH, (FREDDY IRWIN SITNICK)",2008,REP,P80000730
"MICHAEL, PRINCE",2008,REP,P80004757
"MIRABELLA, STEVEN EDWARD",2008,REP,P80004658
"MITCHELL, JAMES CREIGHTON JR",2008,REP,P80003635
"MOHAMED, SAL",2008,DEM,P80003197
"MOORE, BRIAN PATRICK",2008,DEM,P80005275
"MOREAU, ROBERT EDWARD",2008,REP,P00003327
"MORROW, JOSEPH UNDERWOOD",2008,REP,P00004325
"MUHAMMAD, ABDUL (KAREEM)",2008,REP,P80004229
"MUHAMMED, JESUS BILAL ISLAM ALLAH",2008,REP,P80004070
"MULLINS, GROVER CLEVELAND JR",2008,DEM,P80003767
"NETHKEN, FRANK",2008,REP,P80004609
"OBAMA, BARACK / JOSEPH R. BIDEN",2008,DEM,P80003338
"OGIN, FREDERICK EUGENE",2008,DEM,P40000382
"PAUL, RON",2008,REP,P80000748
"PRATTAS, JAMES ",2008,REP,P00003236
"RAILEY, CHARLES GLEN",2008,REP,P80004419
"RAVEN, WILLIAM NATHANIEL",2008,REP,P60003456
"REED, LARRY KEITH (VICE PRES)",2008,DEM,P00003772
"RICHARDSON, BILL",2008,DEM,P80003411
"RICHMOND, PAUL",2008,DEM,P80005648
"ROMNEY, MITT / PAUL D. RYAN",2008,REP,P80003353
"SANDERS, COLONEL LAUNEIL",2008,REP,P80004310
"SANDERS, MARSHALL SAMUEL",2008,REP,P80002942
"SAWYER, JOHN W III",2008,DEM,P80004542
"SCAFF, BARBARA ANN",2008,DEM,P80003601
"SCOTT, CLINTONA MARLENE",2008,DEM,P80005259
"SEGAL, MARY ANN TOMKINS MD",2008,DEM,P20000659
"SHARKEY, JONATHON THE IMPALER",2008,REP,P80002884
"SHAW, MICHAEL PAUL",2008,REP,P80005150
"SHELDON, SCOTT J",2008,DEM,P80003676
"SHEPARD, JACK EDWARD",2008,DEM,P80004021
"SMITH, MICHAEL CHARLES",2008,REP,P80003007
"SMITH, RICHARD MICHAEL",2008,REP,P80003015
"SPRANKLE, KEITH ROBERT",2008,REP,P80004302
"STAGGS, CLYDE LEROY",2008,REP,P60003019
"STAND, ELM W",2008,DEM,P80005317
"STEVENSON, JOHNS WALLACE",2008,REP,P80002918
"TANCREDO, THOMAS GERALD",2008,REP,P80003429
"THOMAS, JEFFREY C MD",2008,DEM,P80004245
"THOMPSON, FRED DALTON",2008,REP,P00003186
"THOMPSON, TOMMY G",2008,REP,P60003795
"TOMPKINS, L A (LINN) PRES",2008,REP,P40002263
"TUCKER, JOSEPH HOWARD",2008,REP,P80004955
"TURNER, JOE",2008,REP,P40003238
"VAUGHN, CORROGAN R",2008,REP,P80004237
"VICK, CHARLES GORDON DR",2008,REP,P80002793
"VILSACK, THOMAS J",2008,DEM,P80003262
"VINTINNER, TONY W",2008,DEM,P80003254
"WARNER, MARK",2008,DEM,P80003023
"WILES, VIRGIL L R",2008,REP,P80004435
"WILLIAMS, GEORGE WASHINGTON",2008,DEM,P80005242
"WILSON, D WAYNE",2008,REP,P80004914
"WOJCIECHOWSKI, LUCIAN",2008,DEM,P40002289
"WOLIN, MARC",2008,REP,P80004393
"WRIGHT, JAMES",2008,DEM,P80004591
"WUENSCHE, VERNON EDGAR",2008,REP,P80003817
"YOUNG, RUBIN",2008,DEM,P60004132
"ZARWELL, EUGENE ROBERT",2008,REP,P80004633
"ADESHINA, YINKA ABOSEDE",2012,REP,P60004793
"ARAGON, DAVID G",2012,REP,P20002374
"ASHE, WARREN RODERICK ",2012,DEM,P00003715
"BACHMANN, MICHELE",2012,REP,P20002978
"BAILEY, GEORGE BRENT JR",2012,REP,P80003957
"BALLARD, GEORGE HENRY III",2012,DEM,P20002150
"BANKS, J E WENDELL KENNEDY",2012,REP,P80004815
"BAREA, JEFFREY",2012,REP,P20002689
"BEJGER, DANIEL J",2012,REP,P20004008
"BELLOWS, MICHAEL FRED",2012,DEM,P20003943
"BERNARD, EMIL I",2012,REP,P20004305
"BLACK, ANGELA",2012,REP,P20003505
"BLAKLEY, WILLIAM",2012,DEM,P40002784
"BLANKENSHIP, JARED",2012,REP,P20002598
"BLISS, RUSSELL P JR (RUSTY)",2012,REP,P20002028
"BLYTH, JOHN DOUGLAS",2012,DEM,P80003114
"BROWN, ROBERT PAUL JR",2012,REP,P80005002
"BRUZZESI, THOMAS J",2012,REP,P20002788
"CAESAR, PRESIDENT EMPEROR",2012,DEM,P80003221
"CAIN, HERMAN",2012,REP,P00003608
"CALLAHAN, MARK ALLEN",2012,REP,P20002762
"CARROLL, JAMES ALAN",2012,REP,P20002549
"CARROLL, JAMES J",2012,DEM,P20004545
"CARTER, WILLIE FELIX",2012,DEM,P80000268
"CISNEROS, CESAR",2012,REP,P20002390
"COLEMAN, PERRY DUWHILE",2012,DEM,P20002754
"COOPER, GEORGE",2012,REP,P20002069
"CRONIN, ANTHONY JOSEPH JR",2012,DEM,P20005070
"CROW, RANDOLPH WILSON",2012,REP,P00003343
"CUEVAS, NICKOLAS BEVAN (FARMER)",2012,REP,P80004823
"DAVIS, L JOHN JR",2012,REP,P20002325
"DAY, TIM (TEXAS SLIM)",2012,DEM,P20002929
"DIAMOND, ZUBI",2012,REP,P20004016
"DRAKE, PATRICK ANTHONY",2012,REP,P20002309
"DRUMMOND, KEITH",2012,REP,P20003430
"DUMMETT, JOHN ALBERT JR",2012,REP,P20002499
"DUNSMOOR, DARREN LLOYD",2012,DEM,P20004115
"ELY, BOB (ROBERT MOULTON-ELY)",2012,DEM,P20004347
"ENNIS, CRAIG EDWARD",2012,REP,P20003018
"FELLURE, LOWELL JACKSON",2012,REP,P20000089
"FORD, LARRY ROBERT",2012,REP,P20003687
"FORTHAN, BOB LEONARD",2012,REP,P80003189
"GATES, KENNETH",2012,REP,P20002259
"GIDNER, BRUCE ALLEN",2012,REP,P40002040
"GILBERT, JONATHAN MICHAEL",2012,REP,P20003455
"GINGRICH, NEWT",2012,REP,P60003654
"GODWIN, MILLS WRENAL",2012,DEM,P20001954
"GOLDBERG, LOWELL S",2012,DEM,P20003935
"GOULD, JOSEPH MACK",2012,REP,P20003893
"GREENE, ROBERT ALLAN",2012,DEM,P20004396
"GREENSPON, JON ADAM",2012,REP,P80004351
"HARDCASTLE, PATRICE ELOISE",2012,DEM,P60003027
"HARRIS, JEFFREY NICHOLAS",2012,REP,P20002887
"HARRIS, RICHARD FRANCIS",2012,REP,P20003570
"HAYDEN, JAMES A",2012,REP,P20004289
"HAYWOOD, JOHN DAVIS",2012,DEM,P20003885
"HEARD JR, HAROLD C",2012,REP,P10000016
"HERMAN, RAPHAEL",2012,DEM,P20002184
"HILL, CHRISTOPHER V",2012,REP,P20002838
"HOCKENSMITH, BRIAN KEITH",2012,REP,P20003026
"HUNT, EUGENE ROSELL JR",2012,REP,P20002861
"HUNT, JAMES WILLIAM",2012,REP,P20002473
"HUNTSMAN, JON",2012,REP,P20003067
"JIMENEZ, GABRIEL ALEXANDER",2012,REP,P20002242
"JONES, RICKEY KENNETH",2012,REP,P20002366
"JORDAN, ROBERT",2012,DEM,P20003349
"JUDD, KEITH RUSSELL",2012,DEM,P60003530
"JUDY, CODY ROBERT",2012,DEM,P20003372
"KALEMKARIAN, TIMOTHY CHARLES",2012,REP,P60003175
"KARGER, FRED",2012,REP,P20002564
"KENNY, MICHAEL GERARD FRANCIS",2012,REP,P20003380
"KIMBER, THOMAS D ""TOM""",2012,REP,P20004453
"KLINE, RICHARD  ALLEN CGR",2012,REP,P20002044
"KNILL, DENNIS JEROME",2012,REP,P20002218
"KOCH, JAMES",2012,REP,P20002275
"KOK, PHILIP ANTHONY",2012,REP,P80003627
"LANSER, JERRY",2012,REP,P20003240
"LAPORTE, DANY",2012,DEM,P20002291
"LAROCK, ROBERT WILLIAM",2012,REP,P20003125
"LAWMAN, JEFF",2012,REP,P20003810
"LAX MILLER, LORETTA",2012,DEM,P20003042
"LEE, JOHN A",2012,REP,P20004644
"LEE, JOHN H",2012,REP,P20004156
"LEVETIN, MARK",2012,DEM,P20002606
"LOPEZ, AURORA",2012,REP,P20003612
"LOWRY, ROBERT F",2012,REP,P20003919
"LYNCH, FRANK",2012,REP,P80004567
"LYNCH, THOMAS EDWARD",2012,REP,P20003059
"MACLERAN, THOMAS GREGORY",2012,REP,P20003463
"MAGEE, ERIN KENT",2012,REP,P20002648
"MALONE, YEHANNA JOAN M M",2012,REP,P00003814
"MANLEY, MICHAEL J",2012,REP,P20002432
"MARTIN, ANDY",2012,REP,P00003731
"MARTINEZ, ALEXANDER HUGO",2012,REP,P20003794
"MARTIN, GREGORY BRYAN",2012,REP,P80004732
"MARTIN, GURLEY L",2012,REP,P20002622
"MARTISKO, MIKE BENJAMIN",2012,REP,P00003756
"MAYERS, R BENEDICT",2012,REP,P20003323
"MCCOTTER, THADDEUS G",2012,REP,P20003109
"MCMILLAN, JIMMY (AKA) JAMES ",2012,REP,P60003290
"MILLER, THOMAS JOSEPH",2012,REP,P20001947
"MOATS, STEVE KENT",2012,REP,P20003299
"MOLONEY, MICHAEL J",2012,DEM,P20002846
"MONTGOMERY, DAVID WAYNE",2012,DEM,P20003034
"MOORE, ROY",2012,REP,P20002820
"MOORE, TIMOTHY JAY",2012,REP,P20004255
"MORROW, JOSEPH UNDERWOOD",2012,REP,P00004325
"MOSLER, WARREN BRUCE BRUCE",2012,DEM,P20001939
"NEUENSCHWANDER, STEVEN KAY",2012,REP,P20002093
"NEY, JENNIFER LEE ANN",2012,DEM,P20004487
"NICHOLS, ROGER EUGENE",2012,REP,P20002655
"OBAMA, BARACK / JOSEPH R. BIDEN",2012,DEM,P80003338
"OGIN, FREDERICK EUGENE",2012,DEM,P40000382
"OGLE, JAMES ORLANDO III",2012,DEM,P60004322
"PAUL, RON",2012,REP,P80000748
"PAWLENTY, TIMOTHY",2012,REP,P20002556
"PEDERSEN, GEORGE CHRISTIAN",2012,REP,P20003307
"PERRY, JAMES R (RICK)",2012,REP,P20003281
"PFLUGHAUPT, PHILIPP G",2012,REP,P20001988
"PHILLIPS, ALAN G ",2012,REP,P20002507
"PHILLIPS, DEAN A",2012,DEM,P60003159
"POWERS, C",2012,DEM,P20002986
"PRAPROTNIK, ROBERT L",2012,REP,P20003638
"PRATTAS, JAMES ",2012,REP,P00003236
"PROUD, JEFFREY D",2012,DEM,P20004842
"RAMOS, LUIS ALBERTO JR",2012,DEM,P20002481
"RAPP, LANE JAMESON JR",2012,REP,P20004792
"ABLEIDINGER, PHILL ALEXANDER",2016,DEM,P60014461
"ABOZAID, ABDULRAQEEB",2016,DEM,P60022233
"ADAMS, JACK LYNN",2016,REP,P60009008
"ADDVENSKY, MICHAEL EDWARD",2016,REP,P60013992
"ADESHINA, YINKA ABOSEDE",2016,REP,P60004793
"ALI, AKBAR MR JR",2016,REP,P60023256
