name,year,party,id,party expenditures
"ALEXANDER, ANDREW LAMAR",2000,REP,P60003225,0
"ASHE, WARREN RODERICK ",2000,DEM,P00003715,0
"AWARD, DONALD PAUL",2000,DEM,P00003632,0
"BALLARD, GEORGE H III",2000,DEM,P20001418,0
"BARNECK, TODD ALAN",2000,DEM,P00003202,0
"BAUER, GARY L",2000,REP,P00003491,0
"BECK, JERRY GARTH",2000,DEM,P00004044,0
"BENTLEY, THOMAS A",2000,REP,P00002592,0
"BERRY, SAMUEL HARPER JR",2000,REP,P00001073,0
"BIRCHLER, DAVID HAROLD",2000,REP,P60004058,0
"BLODGETT, LYNDA DANYELLE",2000,REP,P00004192,0
"BRADLEY, BILL",2000,DEM,P80000516,0
"BRANOM, HERMAN ROY",2000,DEM,P00004283,0
"BROWNSTEIN, LAWRENCE F",2000,DEM,P60003167,0
"BUSH, GEORGE W",2000,REP,P00003335,11488186
"CAIN, HERMAN",2000,REP,P00003608,0
"CALDERWOOD, RICHARD EUGENE",2000,REP,P00003921,0
"CAPLETTE, RAYMOND JOSEPH",2000,DEM,P20000329,0
"CARROLL, JAMES MCEVERRET",2000,DEM,P00001081,0
"CARTER, WILLIE FELIX",2000,DEM,P80000268,0
"CHAVIS-ROCKER, ANGEL JOY",2000,REP,P00003350,0
"CHRISTENSEN, FRANKLIN DEAN",2000,REP,P60002516,0
"CLARK, LAWRENCE (LARRY) JAMES",2000,REP,P00003285,0
"COLEMAN, JAMES ANDREA",2000,DEM,P00003574,0
"CROW, RANDOLPH WILSON",2000,REP,P00003343,0
"DAILEY, MITCHELL ERNEST",2000,REP,P00003947,0
"DAVIS, MIGNON MARIE",2000,DEM,P40003311,0
"DOLE, ELIZABETH",2000,REP,P00003319,0
"DOTY, CHARLES R",2000,DEM,P40000473,0
"FABISH, THOMAS S",2000,REP,P80000870,0
"FELLURE, LOWELL JACKSON",2000,REP,P20000089,0
"FITZPATRICK, JOHN MICHAEL",2000,REP,P00004010,0
"FLYNN, RICHARD FRANCIS",2000,DEM,P20001475,0
"FORBES, STEVE",2000,REP,P60003852,0
"FOUTCH, MARSHA AILEEN LANNAN",2000,DEM,P80001340,0
"GARINGER, CHARLES EUGENE",2000,DEM,P00003541,0
"GIBSON, EDWARD PRINCE",2000,DEM,P00003723,0
"GIULIANI, RUDOLPH W",2000,REP,P00003251,0
"GLEITMAN, BENJAMIN SAMSON",2000,REP,P60003449,0
"GORE, AL",2000,DEM,P80000912,4765523
"GOSTIGIAN, KRIKOR",2000,REP,P40002693,0
"GRAY, HOSANNA JESSE O",2000,DEM,P80001936,0
"GUMZ, MARCUS JOY",2000,REP,P00004127,0
"HANKINS, GERALD LAMAR MR",2000,DEM,P00004135,0
"HARDER, HEATHER ANNE DR",2000,DEM,P60003035,0
"HARRIS, CALVIN DURANT",2000,DEM,P80002777,0
"HATCHER, JEFFERY",2000,DEM,P00004267,0
"HATCH, ORRIN GRANT",2000,REP,P00003806,0
"HOWARD, MILDRED (MILLIE)",2000,REP,P20000550,0
"HUNT, HARRY SUMNER",2000,REP,P00003525,0
"IWACHIW, WALTER N",2000,REP,P00004846,0
"JACKSON, MICHAEL JOESEPH MR",2000,REP,P00003707,0
"JARBOE, STEVEN RYAN",2000,REP,P00004655,0
"JOBE, MARK ALLEN",2000,REP,P00003434,0
"JOHNSON, DERRICK CHRISTOPHER",2000,REP,P00003269,0
"JONES, ALFONZO",2000,DEM,P00004358,0
"JOSEPH, RHAWN ""GABRIEL"" PHD",2000,REP,P00004093,0
"JUDD, KEITH RUSSELL",2000,DEM,P60003530,0
"KALEMKARIAN, TIMOTHY CHARLES",2000,REP,P60003175,0
"KASICH, JOHN R",2000,REP,P60003670,0
"KOOS, THOMAS GEORGE",2000,DEM,P00004713,0
"LAROUCHE, LYNDON H JR",2000,DEM,P60000452,0
"LIEBERMAN, JOSEPH I",2000,DEM,P00004754,0
"LUSAK, STANLEIGH HAROLD",2000,REP,P00003590,0
"MALONE, YEHANNA JOAN M M",2000,REP,P00003814,0
"MARTIN, ANDY",2000,REP,P00003731,0
"MARTISKO, MIKE BENJAMIN",2000,REP,P00003756,0
"MASTERS, ISABELL DR PHD",2000,REP,P40000853,0
"MCCAIN, JOHN S.",2000,REP,P80002801,0
"MCDONALD, ANGUS WHEELER",2000,DEM,P80001191,0
"MESSIAH, (FREDDY IRWIN SITNICK)",2000,REP,P80000730,0
"MILLER, MICHAEL TRACY",2000,DEM,P00003475,0
"MOLER, BRADLEY WILLIAM",2000,REP,P00003558,0
"MOREAU, ROBERT EDWARD",2000,REP,P00003327,0
"MORROW, JOSEPH UNDERWOOD",2000,REP,P00004325,0
"MOSBY, TIM LEE",2000,REP,P00002253,0
"MUZYK, GEORGE ALEXANDER",2000,DEM,P00000729,0
"NESBIT, DAVID WALTER",2000,DEM,P00003459,0
"NICHOLSON, DAVID LEE",2000,DEM,P00003178,0
"OGIN, FREDERICK EUGENE",2000,DEM,P40000382,0
"PERESAD, MITCHELL MATTHEW JR",2000,DEM,P60004728,0
"PETERS, JEFFREY BLAIR",2000,DEM,P00004150,0
"POLAND, HAROLD LAWRENCE",2000,DEM,P00002667,0
"PRATTAS, JAMES ",2000,REP,P00003236,0
"QUAYLE, DAN",2000,REP,P80002587,0
"RAPUANO, LOUIS JAMES JR",2000,REP,P00004317,0
"REED, LARRY KEITH (VICE PRES)",2000,DEM,P00003772,0
"ROBERTS, JOHN DAVID",2000,REP,P00003194,0
"ROGERS, ALFORD",2000,REP,P60003563,0
"ROGERS, TENNIE BEATRICE",2000,REP,P20001210,0
"SCHUMAKER, ROBERT GRANER",2000,REP,P00003673,0
"SHEPHERD, LARRY E",2000,DEM,P60004314,0
"SLINKER, KEITH HAROLD",2000,REP,P20001640,0
"SMITH, ROBERT C",2000,REP,P00003376,0
"TAYLOR, JAMES",2000,REP,P00004184,0
"THOMPSON, FRED DALTON",2000,REP,P00003186,0
"TOMEO, BEN J",2000,DEM,P60003662,0
"TOROSIAN, MICHAEL PAUL",2000,REP,P00004291,0
"TURNER, JOE",2000,REP,P00003939,0
"VICK, CHARLES GORDON DR",2000,REP,P80002793,0
"VITULLO, EVELYN LOUISE",2000,DEM,P00004200,0
"WALDRON, PATRICK",2000,REP,P00003798,0
"WATSON, GARRY RAY MR",2000,DEM,P00001461,0
"WATTS, VERA",2000,DEM,P20001632,0
"WESTOVER, VEREL TRACY SR",2000,REP,P00003988,0
"WINTERBOTTOM, THOMAS FRANCIS",2000,DEM,P00003244,0
"YOUNG, RUBIN",2000,DEM,P60004132,0
"ALEXANDER-PACE, JAMES",2004,DEM,P40003204,0
"ASHE, WARREN RODERICK ",2004,DEM,P00003715,0
"AWARD, DONALD PAUL",2004,DEM,P00003632,0
"AYERS, ROBERT J",2004,DEM,P40002735,0
"BALLARD, GEORGE HENRY III",2004,DEM,P40003089,0
"BECK, JERRY GARTH",2004,DEM,P00004044,0
"BECK, SANDERSON",2004,DEM,P40002461,0
"BELLINGER, JIM",2004,DEM,P40002438,0
"BLAKLEY, WILLIAM",2004,DEM,P40002784,0
"BRAUN, CAROL MOSELEY",2004,DEM,P40002552,0
"BRAUN, HARRY WILLIAM III",2004,DEM,P40003139,0
"BRINSON-BUTTS, ALBERTHA",2004,REP,P40002149,0
"BUCHANAN, JOHN HOWARD",2004,REP,P40003162,0
"BUKEWIHGE, EDIE",2004,DEM,P40002909,0
"BUSH, GEORGE W",2004,REP,P00003335,10329773
"CAPLETTE, RAYMOND JOSEPH",2004,DEM,P20000329,0
"CARTER, WILLIE FELIX",2004,DEM,P80000268,0
"CAZNEAU, PATRICK LEE",2004,DEM,P40002271,0
"CHRISTENSEN, FRANKLIN DEAN",2004,REP,P60002516,0
"CLARKSON, S SCOTT",2004,REP,P40003402,0
"CLARK, WESLEY K",2004,DEM,P40002792,0
"COLEMAN, JAMES ANDREW",2004,DEM,P40002842,0
"DEAN, HOWARD",2004,DEM,P40002214,0
"EDWARDS, JOHN",2004,DEM,P40002347,0
"ESTRADA, JOHN ANTHONY",2004,DEM,P40002487,0
"FABISH, THOMAS S",2004,REP,P80000870,0
"FEINGOLD, RUSSELL D",2004,DEM,P40003063,0
"FELLURE, LOWELL JACKSON",2004,REP,P20000089,0
"FEY, SUSAN",2004,DEM,P40002586,0
"FINKELSTEIN, BARRY WYNNE",2004,DEM,P40002768,0
"FLYNN, RICHARD FRANCIS",2004,DEM,P20001475,0
"FOUTCH, MARSHA AILEEN LANNAN",2004,DEM,P80001340,0
"GEPHARDT, RICHARD A",2004,DEM,P80000581,0
"GIBSON, ROBERT ANTHONY (RAM ROD)",2004,DEM,P40003212,0
"GIDNER, BRUCE ALLEN",2004,REP,P40002040,0
"GILLHAM, GARY LYNN",2004,DEM,P40002065,0
"GLOVER, JAMES IRVIN",2004,DEM,P40000044,0
"GLOVER, MILDRED WILLIAMS",2004,DEM,P40002958,0
"GOIN-HARDING, CECILIA MARGARET",2004,DEM,P40003048,0
"GRAHAM, BOB",2004,DEM,P40002628,0
"GRAY, HOSANNA JESSE O",2004,DEM,P80001936,0
"GREEN, WILLIAM J III",2004,DEM,P40002800,0
"HARDY, AMANDA LOU",2004,DEM,P40002339,0
"HILL, KENNETH H.",2004,DEM,P40002941,0
"HOWARD, MILDRED (MILLIE)",2004,REP,P20000550,0
"HUNTER, DARRELL REECE",2004,DEM,P40003022,0
"JACKSON, DARIN",2004,DEM,P40003485,0
"JONES, ALFONZO",2004,DEM,P00004358,0
"KALEMKARIAN, TIMOTHY CHARLES",2004,REP,P60003175,0
"KENNEDY, JOHN JOSEPH",2004,DEM,P40003519,0
"KERRY, JOHN F",2004,DEM,P80000235,2379188
"KUCINICH, DENNIS J",2004,DEM,P40002545,0
"LAROUCHE, LYNDON H JR",2004,DEM,P60000452,0
"LEAVERTON, GLENN D",2004,DEM,P40002511,0
"LIEBERMAN, JOSEPH I",2004,DEM,P00004754,0
"MALLOY, STEVEN P",2004,DEM,P20000824,0
"MALONE, YEHANNA JOAN M M",2004,REP,P00003814,0
"MASON, JOHN CHRISTOPHER DR DO (RET)",2004,DEM,P40003253,0
"MASTERS, ISABELL DR PHD",2004,REP,P40000853,0
"MCFADDIN, KENNETH RAY",2004,DEM,P40002081,0
"MEADOWS, SHERRY ANN",2004,DEM,P20001061,0
"MELTON, GLENN HARLAN",2004,REP,P40003436,0
"MESSIAH, (FREDDY IRWIN SITNICK)",2004,REP,P80000730,0
"MILLER, AMATUL-MANNAN Q KATE BENGALEE",2004,DEM,P40003147,0
"MILLER, WILLIAM CLAY",2004,DEM,P00004234,0
"MILLS, ROBERT",2004,REP,P40003105,0
"MOLLENHOUR, GRADY DEAN REV JR",2004,DEM,P40002446,0
"MONTANEZ, MONTY",2004,REP,P40003246,0
"NUERENBERG, JOHN HENRY",2004,DEM,P40002701,0
"O'DONNELL, EDWARD THOMAS JR",2004,DEM,P40003055,0
"OGIN, FREDERICK EUGENE",2004,DEM,P40000382,0
"PENNA, FERN",2004,DEM,P40002305,0
"PRATTAS, JAMES ",2004,REP,P00003236,0
"RACZKOWSKI, RAYMOND J",2004,DEM,P40003071,0
"RAPUANO, LOUIS JAMES JR",2004,REP,P00004317,0
"REAUX, DONALD JAMES",2004,DEM,P40002818,0
"REED, JAMES CHRISTOPHER",2004,DEM,P40003113,0
"REED, LARRY KEITH (VICE PRES)",2004,DEM,P00003772,0
"SAFRAN, ADAM MICHAEL",2004,DEM,P40002370,0
"SAVIOR, OLOVEUSE SCORPIO",2004,DEM,P40002321,0
"SHARP, CRAIG ERIC",2004,DEM,P60003936,0
"SHARPTON, REV ALFRED C",2004,DEM,P40002404,0
"SLINKER, KEITH HAROLD",2004,REP,P20001640,0
"STAGGS, CLYDE LEROY",2004,REP,P60003019,0
"STREMSKY, KENNETH SCOT",2004,REP,P40002198,0
"TALBOW, LEONARD DENNIS",2004,DEM,P40002677,0
"TAYLOR, JAMES",2004,REP,P00004184,0
"TOMPKINS, L A (LINN) PRES",2004,REP,P40002263,0
"TRAFICANT, JAMES A JR",2004,DEM,P80001779,0
"VICK, CHARLES GORDON DR",2004,REP,P80002793,0
"VITULLO, EVELYN LOUISE",2004,DEM,P00004200,0
"WILLIAM, BLAKLEY",2004,DEM,P40002230,0
"WILLIAMS, HELEN MCMULLEN DR",2004,DEM,P40002891,0
"WINTERBOTTOM, THOMAS FRANCIS",2004,DEM,P00003244,0
"WOJCIECHOWSKI, LUCIAN",2004,DEM,P40002289,0
"WYATT, BILL",2004,REP,P40003014,0
"ZYCH, THOMAS F",2004,DEM,P40002560,0
"AARON, LAURA DAVIS",2008,DEM,P80002926,0
"ALGAR, VIRGINIA",2008,REP,P80004260,0
"ALLEN, GEORGE",2008,REP,P80002934,0
"ARANJO, ROLAND",2008,DEM,P80004294,0
"ARNOLD, KEITH L",2008,DEM,P80005614,0
"ARTERBURN, MICHAEL ANDREW",2008,REP,P80003882,0
"ASHE, WARREN RODERICK ",2008,DEM,P00003715,0
"BAILEY, GEORGE BRENT JR",2008,REP,P80003957,0
"BALLARD, GEORGE HENRY III",2008,DEM,P40003089,0
"BANKS, J E WENDELL KENNEDY",2008,REP,P80004815,0
"BARNETT, DANIEL JAMES",2008,REP,P80002827,0
"BAYH, EVAN",2008,DEM,P80003296,0
"BEARSON, TIMOTHY LEE",2008,REP,P80005184,0
"BIDEN, JOSEPH R JR",2008,DEM,P80000722,0
"BILLINGS-ELIAS, CHRISTINA GERASIMOS",2008,DEM,P80004120,0
"BLAKLEY, WILLIAM",2008,DEM,P40002784,0
"BLYTH, JOHN DOUGLAS",2008,DEM,P80003114,0
"BOND, TANYA ELIZABETH DR REV",2008,DEM,P80005325,0
"BOXER, BARBARA",2008,DEM,P80003247,0
"BOYER, ROBERT EDWIN",2008,DEM,P80003965,0
"BRADY, RYAN JOSEPH",2008,DEM,P80003494,0
"BROWNBACK, SAMUEL DALE",2008,REP,P80003288,0
"BROWN, ROBERT PAUL JR",2008,REP,P80005002,0
"BUCK, EDWARD ALLAN REV",2008,REP,P80003270,0
"BUNCH, ALLEN MATTHEW",2008,REP,P60004769,0
"BURNS, WILLIAM JASON",2008,REP,P80004583,0
"CAESAR, PRESIDENT EMPEROR",2008,DEM,P80003221,0
"CAMPBELL, JOHN LEE",2008,REP,P80003981,0
"CAPLETTE, RAYMOND JOSEPH",2008,DEM,P20000329,0
"CARDENAS, TOMMY C",2008,DEM,P40000101,0
"CARTER, ANTHONY LUNGO",2008,REP,P80003486,0
"CARTER, WILLIE FELIX",2008,DEM,P80000268,0
"CLINTON, HILLARY RODHAM / TIMOTHY MICHAEL KAINE",2008,DEM,P00003392,0
"CLUNE, EAMON PATRICK",2008,REP,P80003718,0
"COLE, ORLIN GENTRY",2008,REP,P80005028,0
"CORT, HUGH DR",2008,REP,P80003726,0
"COX, JOHN H",2008,REP,P80002983,0
"CROW, RANDOLPH WILSON",2008,REP,P00003343,0
"CUEVAS, NICKOLAS BEVAN (FARMER)",2008,REP,P80004823,0
"CURRY, JERRY RALPH",2008,REP,P80005085,0
"DIETZ, JACK L",2008,DEM,P80003593,0
"DODD, CHRISTOPHER J",2008,DEM,P80003387,0
"EDWARDS, JOHN",2008,DEM,P40002347,0
"EPSTEIN, PHILIP",2008,DEM,P80003585,0
"ESPINOSA, GARY MR",2008,DEM,P80003858,0
"FELLURE, LOWELL JACKSON",2008,REP,P20000089,0
"FENDIG, H NEAL JR (CAP)",2008,REP,P80004807,0
"FLYNN, RICHARD FRANCIS",2008,DEM,P20001475,0
"FORRESTER, MICHAEL KEITH",2008,DEM,P80003098,0
"FORTHAN, BOB LEONARD",2008,REP,P80003189,0
"FOX, HEATHER",2008,DEM,P80004781,0
"FRANCIS, DANNY M",2008,DEM,P80004278,0
"FRANK, DORY",2008,DEM,P80004195,0
"FURNISS, DAVID ERNST",2008,REP,P80004088,0
"GEISLER, ANNE HART",2008,REP,P80004286,0
"GIANNIBICEGO, HOA TRAN",2008,REP,P80005226,0
"GIBSON, ROBERT ANTHONY (RAM ROD)",2008,DEM,P40003212,0
"GILBERT, DANIEL AYERS",2008,REP,P80004013,0
"GILLEN, DONALD ROBERT",2008,DEM,P80004864,0
"GILMORE, JAMES S III",2008,REP,P80003379,0
"GINGRICH, NEWT",2008,REP,P60003654,0
"GITTELSON, EDWARD L",2008,DEM,P80003106,0
"GIULIANI, RUDOLPH W",2008,REP,P00003251,0
"GODWIN, WRENDO JOHNSON P",2008,DEM,P80004138,0
"GREEN, RAY FERRILL",2008,REP,P80001506,0
"GREENSPON, JON ADAM",2008,REP,P80004351,0
"HANKINS, GERALD LAMAR MR",2008,DEM,P00004135,0
"HARDY, AMANDA LOU",2008,DEM,P40002339,0
"HAYES, MICHAEL STANLEY",2008,DEM,P80003072,0
"HAYWARD, CURTIS",2008,REP,P80002959,0
"HENRY, JOHN ROBERT",2008,DEM,P80001456,0
"HEWES, HENRY",2008,DEM,P80004765,0
"HONEYCHURCH, JOE",2008,REP,P80003346,0
"HOWARD, ALBERT",2008,REP,P80004617,0
"HOWARD, MILDRED (MILLIE)",2008,REP,P20000550,0
"HUCKABEE, MIKE",2008,REP,P80003478,0
"HUGHES, WILLIAM C",2008,DEM,P80003536,0
"HUNTER, D R",2008,DEM,P80004831,0
"HUNTER, DUNCAN",2008,REP,P80003395,0
"HUTTON, ALEXANDER MICHAEL",2008,REP,P80003775,0
"IMPERATO, DANIEL J",2008,REP,P80002975,0
"JACKSON, MICHAEL JOESEPH MR",2008,REP,P00003707,0
"JOHNSON, JERRY ROLAND",2008,REP,P80004179,0
"JONES, ALFONZO",2008,DEM,P00004358,0
"JONES, ARNOLD MATTHEW",2008,DEM,P80002876,0
"JUDD, KEITH RUSSELL",2008,DEM,P60003530,0
"KALEMKARIAN, TIMOTHY CHARLES",2008,REP,P60003175,0
"KEITH GALLAGHER, ANTHONY",2008,REP,P80003049,0
"KENNEDY, JOHN JOSEPH",2008,DEM,P40003519,0
"KLEIN, MARK IRWIN",2008,REP,P80004161,0
"KOK, PHILIP ANTHONY",2008,REP,P80003627,0
"KOTTO, YAPHET",2008,REP,P80003700,0
"KRUEGER, KARL EVERETT",2008,DEM,P80003213,0
"KUCINICH, DENNIS J",2008,DEM,P40002545,0
"LAMAGNA, DAL",2008,DEM,P80004039,0
"LEE, MONROE",2008,REP,P80003734,0
"LINCOLN, BLANCHE",2008,DEM,P80002835,0
"LINK, ALDEN",2008,REP,P80003445,0
"LLOYD-DUFFIE, ELVENA E",2008,REP,P60003555,0
"LYNCH, FRANK",2008,REP,P80004567,0
"MACMILLAN, STEPHEN D",2008,REP,P80004062,0
"MALONE, YEHANNA JOAN M M",2008,REP,P00003814,0
"MARTIN, GREGORY BRYAN",2008,REP,P80004732,0
"MARTISKO, MIKE BENJAMIN",2008,REP,P00003756,0
"MASON, JOHN CHRISTOPHER DR DO (RET)",2008,DEM,P40003253,0
"MCCAIN, JOHN S.",2008,REP,P80002801,423971
"MCCASKILL, CLAIRE (VP)",2008,DEM,P80005721,0
"MCFOY, ORLEANS VICTOR",2008,DEM,P80003940,0
"MCKINNEY, RAYMOND LOUIS",2008,REP,P80004203,0
"MEADOWS, SHERRY A",2008,DEM,P80003031,0
"MELTON, GLENN HARLAN",2008,REP,P40003436,0
"MESSIAH, (FREDDY IRWIN SITNICK)",2008,REP,P80000730,0
"MICHAEL, PRINCE",2008,REP,P80004757,0
"MIRABELLA, STEVEN EDWARD",2008,REP,P80004658,0
"MITCHELL, JAMES CREIGHTON JR",2008,REP,P80003635,0
"MOHAMED, SAL",2008,DEM,P80003197,0
"MOORE, BRIAN PATRICK",2008,DEM,P80005275,276
"MOREAU, ROBERT EDWARD",2008,REP,P00003327,0
"MORROW, JOSEPH UNDERWOOD",2008,REP,P00004325,0
"MUHAMMAD, ABDUL (KAREEM)",2008,REP,P80004229,0
"MUHAMMED, JESUS BILAL ISLAM ALLAH",2008,REP,P80004070,0
"MULLINS, GROVER CLEVELAND JR",2008,DEM,P80003767,0
"NETHKEN, FRANK",2008,REP,P80004609,0
"OBAMA, BARACK / JOSEPH R. BIDEN",2008,DEM,P80003338,4941216
"OGIN, FREDERICK EUGENE",2008,DEM,P40000382,0
"PAUL, RON",2008,REP,P80000748,0
"PRATTAS, JAMES ",2008,REP,P00003236,0
"RAILEY, CHARLES GLEN",2008,REP,P80004419,0
"RAVEN, WILLIAM NATHANIEL",2008,REP,P60003456,0
"REED, LARRY KEITH (VICE PRES)",2008,DEM,P00003772,0
"RICHARDSON, BILL",2008,DEM,P80003411,0
"RICHMOND, PAUL",2008,DEM,P80005648,0
"ROMNEY, MITT / PAUL D. RYAN",2008,REP,P80003353,0
"SANDERS, COLONEL LAUNEIL",2008,REP,P80004310,0
"SANDERS, MARSHALL SAMUEL",2008,REP,P80002942,0
"SAWYER, JOHN W III",2008,DEM,P80004542,0
"SCAFF, BARBARA ANN",2008,DEM,P80003601,0
"SCOTT, CLINTONA MARLENE",2008,DEM,P80005259,0
"SEGAL, MARY ANN TOMKINS MD",2008,DEM,P20000659,0
"SHARKEY, JONATHON THE IMPALER",2008,REP,P80002884,0
"SHAW, MICHAEL PAUL",2008,REP,P80005150,0
"SHELDON, SCOTT J",2008,DEM,P80003676,0
"SHEPARD, JACK EDWARD",2008,DEM,P80004021,0
"SMITH, MICHAEL CHARLES",2008,REP,P80003007,0
"SMITH, RICHARD MICHAEL",2008,REP,P80003015,0
"SPRANKLE, KEITH ROBERT",2008,REP,P80004302,0
"STAGGS, CLYDE LEROY",2008,REP,P60003019,0
"STAND, ELM W",2008,DEM,P80005317,0
"STEVENSON, JOHNS WALLACE",2008,REP,P80002918,0
"TANCREDO, THOMAS GERALD",2008,REP,P80003429,0
"THOMAS, JEFFREY C MD",2008,DEM,P80004245,0
"THOMPSON, FRED DALTON",2008,REP,P00003186,0
"THOMPSON, TOMMY G",2008,REP,P60003795,0
"TOMPKINS, L A (LINN) PRES",2008,REP,P40002263,0
"TUCKER, JOSEPH HOWARD",2008,REP,P80004955,0
"TURNER, JOE",2008,REP,P40003238,0
"VAUGHN, CORROGAN R",2008,REP,P80004237,0
"VICK, CHARLES GORDON DR",2008,REP,P80002793,0
"VILSACK, THOMAS J",2008,DEM,P80003262,0
"VINTINNER, TONY W",2008,DEM,P80003254,0
"WARNER, MARK",2008,DEM,P80003023,0
"WILES, VIRGIL L R",2008,REP,P80004435,0
"WILLIAMS, GEORGE WASHINGTON",2008,DEM,P80005242,0
"WILSON, D WAYNE",2008,REP,P80004914,0
"WOJCIECHOWSKI, LUCIAN",2008,DEM,P40002289,0
"WOLIN, MARC",2008,REP,P80004393,0
"WRIGHT, JAMES",2008,DEM,P80004591,0
"WUENSCHE, VERNON EDGAR",2008,REP,P80003817,0
"YOUNG, RUBIN",2008,DEM,P60004132,0
"ZARWELL, EUGENE ROBERT",2008,REP,P80004633,0
"ADESHINA, YINKA ABOSEDE",2012,REP,P60004793,0
"ARAGON, DAVID G",2012,REP,P20002374,0
"ASHE, WARREN RODERICK ",2012,DEM,P00003715,0
"BACHMANN, MICHELE",2012,REP,P20002978,0
"BAILEY, GEORGE BRENT JR",2012,REP,P80003957,0
"BALLARD, GEORGE HENRY III",2012,DEM,P20002150,0
"BANKS, J E WENDELL KENNEDY",2012,REP,P80004815,0
"BAREA, JEFFREY",2012,REP,P20002689,0
"BEJGER, DANIEL J",2012,REP,P20004008,0
"BELLOWS, MICHAEL FRED",2012,DEM,P20003943,0
"BERNARD, EMIL I",2012,REP,P20004305,0
"BLACK, ANGELA",2012,REP,P20003505,0
"BLAKLEY, WILLIAM",2012,DEM,P40002784,0
"BLANKENSHIP, JARED",2012,REP,P20002598,0
"BLISS, RUSSELL P JR (RUSTY)",2012,REP,P20002028,0
"BLYTH, JOHN DOUGLAS",2012,DEM,P80003114,0
"BROWN, ROBERT PAUL JR",2012,REP,P80005002,0
"BRUZZESI, THOMAS J",2012,REP,P20002788,0
"CAESAR, PRESIDENT EMPEROR",2012,DEM,P80003221,0
"CAIN, HERMAN",2012,REP,P00003608,0
"CALLAHAN, MARK ALLEN",2012,REP,P20002762,0
"CARROLL, JAMES ALAN",2012,REP,P20002549,0
"CARROLL, JAMES J",2012,DEM,P20004545,0
"CARTER, WILLIE FELIX",2012,DEM,P80000268,0
"CISNEROS, CESAR",2012,REP,P20002390,0
"COLEMAN, PERRY DUWHILE",2012,DEM,P20002754,0
"COOPER, GEORGE",2012,REP,P20002069,0
"CRONIN, ANTHONY JOSEPH JR",2012,DEM,P20005070,0
"CROW, RANDOLPH WILSON",2012,REP,P00003343,0
"CUEVAS, NICKOLAS BEVAN (FARMER)",2012,REP,P80004823,0
"DAVIS, L JOHN JR",2012,REP,P20002325,0
"DAY, TIM (TEXAS SLIM)",2012,DEM,P20002929,0
"DIAMOND, ZUBI",2012,REP,P20004016,0
"DRAKE, PATRICK ANTHONY",2012,REP,P20002309,0
"DRUMMOND, KEITH",2012,REP,P20003430,0
"DUMMETT, JOHN ALBERT JR",2012,REP,P20002499,0
"DUNSMOOR, DARREN LLOYD",2012,DEM,P20004115,0
"ELY, BOB (ROBERT MOULTON-ELY)",2012,DEM,P20004347,0
"ENNIS, CRAIG EDWARD",2012,REP,P20003018,0
"FELLURE, LOWELL JACKSON",2012,REP,P20000089,0
"FORD, LARRY ROBERT",2012,REP,P20003687,0
"FORTHAN, BOB LEONARD",2012,REP,P80003189,0
"GATES, KENNETH",2012,REP,P20002259,0
"GIDNER, BRUCE ALLEN",2012,REP,P40002040,0
"GILBERT, JONATHAN MICHAEL",2012,REP,P20003455,0
"GINGRICH, NEWT",2012,REP,P60003654,0
"GODWIN, MILLS WRENAL",2012,DEM,P20001954,0
"GOLDBERG, LOWELL S",2012,DEM,P20003935,0
"GOULD, JOSEPH MACK",2012,REP,P20003893,0
"GREENE, ROBERT ALLAN",2012,DEM,P20004396,0
"GREENSPON, JON ADAM",2012,REP,P80004351,0
"HARDCASTLE, PATRICE ELOISE",2012,DEM,P60003027,0
"HARRIS, JEFFREY NICHOLAS",2012,REP,P20002887,0
"HARRIS, RICHARD FRANCIS",2012,REP,P20003570,0
"HAYDEN, JAMES A",2012,REP,P20004289,0
"HAYWOOD, JOHN DAVIS",2012,DEM,P20003885,0
"HEARD JR, HAROLD C",2012,REP,P10000016,0
"HERMAN, RAPHAEL",2012,DEM,P20002184,0
"HILL, CHRISTOPHER V",2012,REP,P20002838,0
"HOCKENSMITH, BRIAN KEITH",2012,REP,P20003026,0
"HUNT, EUGENE ROSELL JR",2012,REP,P20002861,0
"HUNT, JAMES WILLIAM",2012,REP,P20002473,0
"HUNTSMAN, JON",2012,REP,P20003067,0
"JIMENEZ, GABRIEL ALEXANDER",2012,REP,P20002242,0
"JONES, RICKEY KENNETH",2012,REP,P20002366,0
"JORDAN, ROBERT",2012,DEM,P20003349,0
"JUDD, KEITH RUSSELL",2012,DEM,P60003530,0
"JUDY, CODY ROBERT",2012,DEM,P20003372,0
"KALEMKARIAN, TIMOTHY CHARLES",2012,REP,P60003175,0
"KARGER, FRED",2012,REP,P20002564,0
"KENNY, MICHAEL GERARD FRANCIS",2012,REP,P20003380,0
"KIMBER, THOMAS D ""TOM""",2012,REP,P20004453,0
"KLINE, RICHARD  ALLEN CGR",2012,REP,P20002044,0
"KNILL, DENNIS JEROME",2012,REP,P20002218,0
"KOCH, JAMES",2012,REP,P20002275,0
"KOK, PHILIP ANTHONY",2012,REP,P80003627,0
"LANSER, JERRY",2012,REP,P20003240,0
"LAPORTE, DANY",2012,DEM,P20002291,0
"LAROCK, ROBERT WILLIAM",2012,REP,P20003125,0
"LAWMAN, JEFF",2012,REP,P20003810,0
"LAX MILLER, LORETTA",2012,DEM,P20003042,0
"LEE, JOHN A",2012,REP,P20004644,0
"LEE, JOHN H",2012,REP,P20004156,0
"LEVETIN, MARK",2012,DEM,P20002606,0
"LOPEZ, AURORA",2012,REP,P20003612,0
"LOWRY, ROBERT F",2012,REP,P20003919,0
"LYNCH, FRANK",2012,REP,P80004567,0
"LYNCH, THOMAS EDWARD",2012,REP,P20003059,0
"MACLERAN, THOMAS GREGORY",2012,REP,P20003463,0
"MAGEE, ERIN KENT",2012,REP,P20002648,0
"MALONE, YEHANNA JOAN M M",2012,REP,P00003814,0
"MANLEY, MICHAEL J",2012,REP,P20002432,0
"MARTIN, ANDY",2012,REP,P00003731,0
"MARTINEZ, ALEXANDER HUGO",2012,REP,P20003794,0
"MARTIN, GREGORY BRYAN",2012,REP,P80004732,0
"MARTIN, GURLEY L",2012,REP,P20002622,0
"MARTISKO, MIKE BENJAMIN",2012,REP,P00003756,0
"MAYERS, R BENEDICT",2012,REP,P20003323,0
"MCCOTTER, THADDEUS G",2012,REP,P20003109,0
"MCMILLAN, JIMMY (AKA) JAMES ",2012,REP,P60003290,0
"MILLER, THOMAS JOSEPH",2012,REP,P20001947,0
"MOATS, STEVE KENT",2012,REP,P20003299,0
"MOLONEY, MICHAEL J",2012,DEM,P20002846,0
"MONTGOMERY, DAVID WAYNE",2012,DEM,P20003034,0
"MOORE, ROY",2012,REP,P20002820,0
"MOORE, TIMOTHY JAY",2012,REP,P20004255,0
"MORROW, JOSEPH UNDERWOOD",2012,REP,P00004325,0
"MOSLER, WARREN BRUCE BRUCE",2012,DEM,P20001939,0
"NEUENSCHWANDER, STEVEN KAY",2012,REP,P20002093,0
"NEY, JENNIFER LEE ANN",2012,DEM,P20004487,0
"NICHOLS, ROGER EUGENE",2012,REP,P20002655,0
"OBAMA, BARACK / JOSEPH R. BIDEN",2012,DEM,P80003338,0
"OGIN, FREDERICK EUGENE",2012,DEM,P40000382,0
"OGLE, JAMES ORLANDO III",2012,DEM,P60004322,0
"PAUL, RON",2012,REP,P80000748,0
"PAWLENTY, TIMOTHY",2012,REP,P20002556,0
"PEDERSEN, GEORGE CHRISTIAN",2012,REP,P20003307,0
"PERRY, JAMES R (RICK)",2012,REP,P20003281,0
"PFLUGHAUPT, PHILIPP G",2012,REP,P20001988,0
"PHILLIPS, ALAN G ",2012,REP,P20002507,0
"PHILLIPS, DEAN A",2012,DEM,P60003159,0
"POWERS, C",2012,DEM,P20002986,0
"PRAPROTNIK, ROBERT L",2012,REP,P20003638,0
"PRATTAS, JAMES ",2012,REP,P00003236,0
"PROUD, JEFFREY D",2012,DEM,P20004842,0
"RAMOS, LUIS ALBERTO JR",2012,DEM,P20002481,0
"RAPP, LANE JAMESON JR",2012,REP,P20004792,0
"REVELIS, JOHN",2012,REP,P20002614,0
"RHODES, GEORGE FREDRICK",2012,REP,P20003091,0
"RICE, DAVID MICHAEL",2012,REP,P20003315,0
"ROASEAU, WARD DEREK",2012,REP,P20003695,0
"ROCKEFELLER, SARAH REBECCA",2012,DEM,P20004560,0
"ROGONE, PHILIP NICHOLAS",2012,DEM,P20003778,0
"ROMNEY, MITT / PAUL D. RYAN",2012,REP,P80003353,21536259
"RUDICK, CHARLES MICHAEL",2012,REP,P20002796,0
"RUIZ, JOSE M",2012,REP,P20002077,0
"RUNDBERG, JIM LENNART",2012,REP,P20002051,0
"SANDERA, ROBERT WILLIAM",2012,DEM,P20004909,0
"SANDERS, MARSHALL SAMUEL",2012,REP,P80002942,0
"SANTORUM, RICHARD J.",2012,REP,P20002721,0
"SAVARIRAYAN, FRANCIS J",2012,REP,P20003117,0
"SCALLETTA, PAUL",2012,REP,P20004578,0
"SHARKEY, JONATHON THE IMPALER",2012,REP,P80002884,0
"SIMS, PAUL DOUGLAS",2012,REP,P20003075,0
"SINGLETON, KEITH",2012,DEM,P20002101,0
"SLOAN, MICHAEL EMERSON",2012,REP,P20003414,0
"SLOAN, SAM",2012,DEM,P20004537,0
"SNYDER, MATTHEW BRADLEY",2012,REP,P20003356,0
"SORRELLS, JOHN S LT COL",2012,REP,P20002572,0
"STAND, ELM W",2012,DEM,P80005317,0
"STEPHENS, GARY MONTGOMERY",2012,DEM,P20001996,0
"STRICKLAND, TIMMY WAYNE",2012,REP,P20003604,0
"TURNER, MATTHEW ALLEN",2012,REP,P20003588,0
"TYLER, ALDOUS C",2012,DEM,P20003539,0
"VICK, CHARLES GORDON DR",2012,REP,P80002793,0
"WAHL, DOUGLAS WILLIAM",2012,REP,P20002739,0
"WAITS, RAYLON LOYD",2012,REP,P20003802,0
"WALTON, MICHAEL",2012,REP,P20002267,0
"WELLS, ROBERT CARR JR",2012,DEM,P20004065,0
"WILLIAMS, GEORGE WASHINGTON",2012,DEM,P80005242,0
"WILLIAMS, RODNEY MAURICE",2012,REP,P20003679,0
"WOLFE, JOHN",2012,DEM,P20004875,0
"WORSWICK, WINTON DANLEY",2012,REP,P20001772,0
"WUENSCHE, VERNON EDGAR",2012,REP,P80003817,0
"YOST, MICHAEL CHRISTOPHER",2012,DEM,P20003562,0
"ZOLLINGER, WILLIAM DAVID",2012,REP,P20002994,0
"ABLEIDINGER, PHILL ALEXANDER",2016,DEM,P60014461,0
"ABOZAID, ABDULRAQEEB",2016,DEM,P60022233,0
"ADAMS, JACK LYNN",2016,REP,P60009008,0
"ADDVENSKY, MICHAEL EDWARD",2016,REP,P60013992,0
"ADESHINA, YINKA ABOSEDE",2016,REP,P60004793,0
"ALI, AKBAR MR JR",2016,REP,P60023256,0
"ALLEN, ALICE",2016,DEM,P60016433,0
"ALLEN, BRIAN CLIFFORD MR.",2016,REP,P60017126,0
"ALLEN-REESE, POGO MOCHELLO MR",2016,REP,P60005121,0
"ALVAREZ, KENNETH MR. JR.",2016,REP,P60020815,0
"AMEDE, AARON",2016,DEM,P60010279,0
"ANDERSON, JOSEPH EDWARD DR. JR.",2016,REP,P60006053,0
"ANDREWS, CHARLES PERRY III",2016,REP,P60005592,0
"ANNA, SANTA MR. THE III",2016,REP,P60012911,0
"ANTLEY, RAY MILLS JR MD",2016,REP,P60007325,0
"ANZOLI, ARMANDO",2016,REP,P60008869,0
"ARENA, ROBERT JOSEPH MR. JR.",2016,DEM,P60020898,0
"ARMSTRONG, BRANDON CHRISTINA",2016,DEM,P60005402,0
"ASHE, WARREN RODERICK ",2016,DEM,P00003715,0
"ASKIN, RAY WILLIAM MR",2016,REP,P60008703,0
"ASTOR, HOWELL ALEXANDER",2016,DEM,P60007234,0
"AUBIN, MARK-CHRISTIAN ANTHONY MR",2016,REP,P60020906,0
"AUSTIN, DOROTHY JAMES",2016,DEM,P60018926,0
"AVERSA, RICHARD MR.",2016,DEM,P60019320,0
"AVILA, ISABEL GABRIELLA",2016,DEM,P60011046,0
"BAILEY, GEORGE BRENT JR",2016,REP,P80003957,0
"BATCHER, SCOTT GERALD",2016,REP,P60019833,0
"BAUCOM, DAVID EDWARD",2016,REP,P60008653,0
"BAZER, SAM CLARK",2016,DEM,P60010741,0
"BEATTY, KEVIN WILLIAM",2016,REP,P60020765,0
"BELL, JAMES",2016,DEM,P60007523,0
"BERHANE, DANIELLE HUSSER",2016,REP,P60007077,0
"BICH, PHUC DAT",2016,REP,P60018181,0
"BICKELMEYER, MICHAEL",2016,REP,P00004861,0
"BIDEN, JOE R",2016,DEM,P60012143,0
"BILLINGS-ELIAS, CHRISTINA GERASIMOS",2016,DEM,P80004120,0
"BIZGA, JOHN CARL",2016,REP,P60007218,0
"BIZZLE, RANDALL",2016,REP,P60010717,0
"BLYTH, JOHN DOUGLAS",2016,DEM,P80003114,0
"BONGARDT, BRUCE DAVID",2016,REP,P60017480,0
"BONIFICIA, ANTHONY A JR",2016,REP,P60006509,0
"BONPASSE, MORRISON MCKELVY",2016,DEM,P60005642,0
"BORDONARO, SANTIAGO GABRIEL",2016,DEM,P60022738,0
"BORING, PAIJ",2016,REP,P60016888,0
"BOSCHMA, BRADLEY JERROLD",2016,DEM,P60014149,0
"BOSLEY, MERIDI RICHARDSON",2016,DEM,P60007085,0
"BOWERS, KERRY DALE",2016,REP,P60005279,0
"BOWMAN, JOSEPH LEE",2016,DEM,P60012093,0
"BRADY, KRISTYNA",2016,REP,P60013588,0
"BRALICH, PHILIP A",2016,DEM,P60005014,0
"BRANNAN, DANIEL LESTER",2016,REP,P60009065,0
"BRAUL, HARRY WILLIAM III",2016,DEM,P60007630,0
"BREN, BIG",2016,REP,P60011301,0
"BREN, BMDIG",2016,REP,P60010436,0
"BRICENO, JAIRO I",2016,REP,P60009826,0
"BRISCOE, WILLIAM E MR",2016,REP,P60022795,0
"BROOKS, ARTHUR HERBERT MR. JR",2016,DEM,P60007341,0
"BROWN, KENNEDY KING MR.",2016,DEM,P60015336,0
"BROWN, SAMMY MUREL",2016,REP,P60002771,0
"BROWN, TONY MICHAEL",2016,DEM,P60017605,0
"BRUCATO, GEORGE JAMES",2016,DEM,P60005923,0
"BUCKET, BOB",2016,DEM,P60018108,0
"BUGARSKI, LUKA",2016,DEM,P60010113,0
"BUKEWIHGE, EDIE",2016,DEM,P40002909,0
"BURKE, STEVE",2016,DEM,P60015724,0
"BURKHARDT, HELEN DR.",2016,REP,P60017878,0
"BUSH, JEB",2016,REP,P60008059,0
"CAESAR, PRESIDENT EMPEROR",2016,DEM,P80003221,0
"CAFFREY, ANDREW AUGUSTINE IV",2016,DEM,P60005683,0
"CAISSIE, GARY DAVID",2016,REP,P60007135,0
"CAMPBELL, JOHNNIE C",2016,DEM,P60005147,0
"CAMPOS, ALLEN EUGENE",2016,DEM,P60014412,0
"CARLTON, ZEDEKIAH ALEXANDER",2016,DEM,P60013877,0
"CARSON, BENJAMIN S SR MD",2016,REP,P60005915,0
"CARTER, WILLIE FELIX",2016,DEM,P80000268,0
"CASTLEBERRY, FRANCIS RAYMOND",2016,REP,P60006236,0
"CAVANAGH, ERIC SCOTT",2016,REP,P40003584,0
"CHAPPELL, CHRISTOPHER A",2016,REP,P60017746,0
"CHEN, JAMES JYHYENN",2016,DEM,P60008034,0
"CHOLLETT, RICKY LEE",2016,REP,P60013430,0
"CHRISTENSEN, DALE H",2016,REP,P60005501,0
"CHRISTIE, CHRIS",2016,REP,P60008521,0
"CLINTON, HILLARY RODHAM / TIMOTHY MICHAEL KAINE",2016,DEM,P00003392,18838902
"COBURN, TANNER L",2016,DEM,P60014503,0
"COFER, DANE TAYLOR",2016,DEM,P60015138,0
"COFER, DANE T. S.",2016,REP,P60015146,0
"COHEN, LARRY JOE (LAWRENCE)",2016,DEM,P60019569,0
"COLE, BRIAN ARI DR",2016,REP,P60004785,0
"COLE, SCOTT MICHAEL",2016,REP,P60005451,0
"COLLINS, JAMES CASEY",2016,DEM,P60008133,0
"COMLEY, STEPHEN BRADLEY,SR",2016,REP,P60014396,0
"COOK, TIMOTHY",2016,REP,P60015807,0
"COOMBS, MICHAEL ERIC",2016,REP,P60020518,0
"COOPER, MATTHEW JAMES",2016,REP,P60014289,0
"COPEN, KAREN",2016,REP,P60018488,0
"CORNERSTONE, DAVID REED",2016,REP,P60009164,0
"CORRY, MATTHEW",2016,DEM,P60016391,0
"COX, AUSTIN",2016,DEM,P60012291,0
"COXWELL, KIRSTEN",2016,DEM,P60016664,0
"COYNE PHD, THOMAS JOSEPH",2016,REP,P60009511,0
"CREWS, RICKY DANIEL",2016,REP,P60009867,0
"CRISP, CALEB ALLEN LORD",2016,REP,P60013364,0
"CROMBIE, MELODY ANNE MRS.",2016,REP,P60006780,0
"CRONIN, ANTHONY JOSEPH JR",2016,DEM,P20005070,0
"CROTZER, EZEKIEL GEORGE",2016,REP,P60004934,0
"CRUZ, RAFAEL EDWARD ""TED""",2016,REP,P60006111,0
"CUEVAS, NICK",2016,REP,P60013935,0
"CULLISON, BROOKS ANDREWS",2016,REP,P60007903,0
"DADDY, CAM SIR",2016,DEM,P60010980,0
"DAVID, ABRAHAM JOSEPH MR",2016,DEM,P60018843,0
"DAVIS, GARY GENE",2016,DEM,P60017282,0
"DAY, TIM (TEXAS SLIM)",2016,DEM,P20002929,0
"DEBATE, EMBRACE THE",2016,REP,P60016706,0
"DEBOW, MR PAUL W",2016,REP,P60005162,0
"DEFAZIO, ANTHONY LOUIS",2016,REP,P60018652,0
"DE  LA  FUENTE, ROQUE ROCKY",2016,REP,P60016342,0
"DELEONARDO, CYNTHIA RICHETTA MS.",2016,DEM,P60022019,0
"DELONG, PAUL",2016,REP,P60007465,0
"DEMARCO, ANGELO THOMAS",2016,REP,P60018462,0
"DENTON, BRYAN",2016,REP,P60013331,0
"DEWEY, JARED ALEXANDER",2016,REP,P60015955,0
"DIETRICH , GEORGE II",2016,DEM,P60016797,0
"DIETRICH, GEORGE WAYNE II",2016,DEM,P60009057,0
"DIETRICH, GRAYSON DEAN",2016,DEM,P60013398,0
"DIGGS, MICHAEL WAYNE",2016,REP,P60004975,0
"DONALDSON, KENNETH",2016,REP,P60006434,0
"DOUGLAS, DIANA LYNN",2016,REP,P60009446,0
"DRAKE, PATRICK ANTHONY",2016,REP,P20002309,0
"DRAY, JON PRESCOTT",2016,REP,P60013406,0
"DUBON, TODD NORMAN",2016,REP,P60008968,0
"DUCKWALD, WANDA GAYLE",2016,REP,P60005709,0
"DUFFY, COLMAN JOSEPH MR",2016,DEM,P60013505,0
"DUKE, DOUGLAS HEWITT",2016,REP,P60007309,0
"DUKE, RONALD",2016,REP,P60005782,0
"DUMMETT, JOHN ALBERT JR",2016,REP,P20002499,0
"DUNBAR, MARK OWEN MR",2016,REP,P60019718,0
"DURNELL, KEVIN W MR",2016,REP,P60021763,0
"DUTTON, KRISTI FREELAND",2016,DEM,P60005212,0
"EALY, LARRY ELLIS",2016,DEM,P60007093,0
"EBY, CHANDLER KADE",2016,REP,P60015971,0
EDEN,2016,DEM,P60009495,0
"EICHOLTZ, LILLY JEWEL MS.",2016,DEM,P60019874,0
"ELIJAH, ISIS",2016,REP,P60008786,0
"EMERY, JARED ALAN ""FLASH""",2016,DEM,P60014495,0
"EMRIT, RONALD SATISH",2016,DEM,P60005535,0
"ERWIN, NICHOLAS DALE MR.",2016,DEM,P60007028,0
"ESPINOSA, GEBY E",2016,REP,P60009958,0
"ESTRADA, LUIS CARLOS MR.",2016,DEM,P60019346,0
"EVANS, NICHOLAS",2016,REP,P60007002,0
"EVERSON, MARK",2016,REP,P60005972,0
"FAAS, SOURAYA",2016,DEM,P60007176,0
"FAKE, THIS IS",2016,REP,P60014230,0
"FALKENBERG, PAUL ROBERT",2016,DEM,P60017894,0
"FARBER, STUART ROSS",2016,REP,P60005352,0
"FARMER, ELMER MR. JR",2016,REP,P60008083,0
"FARNELL, CHRISTOPHER",2016,REP,P60009735,0
"FEENEY, GERALD FRANCIS",2016,REP,P60008836,0
"FELLURE, LOWELL JACKSON",2016,REP,P20000089,0
"FERRISS, JAMES HENRY DANEKER",2016,REP,P60014065,0
"FIGUEROA, EDWIN MR",2016,DEM,P60016680,0
"FIORINA, CARLY",2016,REP,P60007242,0
"FIRMANI, JAMES PARIS",2016,REP,P60009297,0
"FOR PRESIDENT, ROBERT HAINES",2016,REP,P60010097,0
"FORSTER, PATRICK MICHAEL MR",2016,REP,P60023264,0
"FORSYTH, JOHN SCOTT",2016,DEM,P60007739,0
"FOSTER, JOHNATHAN DOUGLAS",2016,REP,P60022068,0
"FOX, POGE _",2016,REP,P60019197,0
"FRANCO, RICHARD ALAN MR.",2016,DEM,P60009537,0
"FRATTERSON, TURK YOLNINETIMES MR.",2016,REP,P60008745,0
"FRENCH, WILLIAM D",2016,DEM,P60020849,0
"GARGIULO, ANDREW MICHAEL MR.",2016,DEM,P60010576,0
"GAVIN, TIMOTHY EUGENE MR JR",2016,DEM,P60017233,0
"GENDREAU, EVAN",2016,REP,P60011152,0
"GERACI, PIETRO SALVATORE MR.",2016,REP,P60023306,0
"GILMORE, JAMES S III",2016,REP,P80003379,0
"GLASGOW, NATHANIEL",2016,REP,P60018371,0
"GOAT, ANUS THE",2016,DEM,P60018595,0
"GOMEZ, NELSON",2016,DEM,P60023173,0
"GOTTFRIED, MATTHEW RYAN MR.",2016,REP,P60013117,0
"GOULD, MARCUS LEWIS",2016,DEM,P60013760,0
"GRAHAM, LINDSEY O",2016,REP,P60007697,0
"GREEN, DON",2016,REP,P60016425,0
"GREENSTEIN, MARK",2016,DEM,P60021508,0
"GRIBBLE, QUANCIDINE HINSON",2016,DEM,P60008323,0
"GUILLAUME, GREGORY MARK",2016,REP,P60021128,0
"GUMP, FORREST",2016,DEM,P60012846,0
"GUTIERREZ, KRISTOPHER JAMES DR.",2016,DEM,P60010006,0
"HAGERTY, TIMOTHY SHAWN MR.",2016,DEM,P60018215,0
"HALL, DAVID EAMES",2016,REP,P60017688,0
"HALLOWAY, MARK ROBERT",2016,REP,P60015104,0
"HAMMEL, BRIANNA MAYANN",2016,DEM,P60018934,0
"HANCOCK, JONATHAN RAY 'JOHN'",2016,REP,P60021201,0
"HANGER, EMMETT W JR",2016,REP,P60008265,0
"HANKINS, GERALD LAMAR MR",2016,DEM,P00004135,0
"HANSON, ROBERT DONALD",2016,REP,P60009552,0
"HARDIE, MARK CHARLES",2016,DEM,P60009719,0
"HARRIS, KELVIN KEITH MR.",2016,DEM,P60016276,0
"HART, JASON AARON",2016,DEM,P60008760,0
"HAWES, CALVIS L",2016,DEM,P60019106,0
"HAWKINS, TAMEIKA NICOLE",2016,REP,P60008679,0
"HAWK, JEFFREY A",2016,REP,P60015732,0
"HAYDEN, JAMES A",2016,REP,P20004289,0
"HAZZARD, SHANNONN MONROE",2016,REP,P60018314,0
"HENNING, GARY WAYNE MR.",2016,REP,P60015096,0
"HENRY, JOHN ROBERT",2016,DEM,P80001456,0
"HENRY, RUSSELL R",2016,REP,P60009263,0
"HENRY, SELDEN KENNEDY",2016,REP,P60008935,0
"HEWES, HENRY",2016,DEM,P80004765,0
"HILL, CHRISTOPHER V",2016,REP,P20002838,0
"HINKLE, GARY CHARLES",2016,REP,P60015534,0
"HODGES, SUMAYAH",2016,DEM,P60017886,0
"HOFFMAN, RALPH ROBBIE MR. SIR.",2016,DEM,P60008257,0
"HOLY, SHELLEY FAYE",2016,REP,P60022050,0
"HORISK, ETHAN MR.",2016,REP,P60016474,0
"HOTOP, TIM",2016,REP,P60016722,0
"HOUSE, JAMES K JR",2016,REP,P60021268,0
"HOUSTON, MATTHEW MONTGOMERY",2016,DEM,P60019221,0
"HOWARD, ALBERT",2016,REP,P80004617,0
"HOWARD, MILDRED (MILLIE)",2016,REP,P20000550,0
"HUCKABEE, MIKE",2016,REP,P80003478,0
"HUEY, KEVIN GLENN",2016,REP,P60017845,0
"HUMPHREYS, DEVIN",2016,REP,P60015849,0
"HUNT, EUGENE ROSELL JR",2016,REP,P20002861,0
"HUSTUS, TREVOR JAMES",2016,REP,P60015641,0
"HYDE, JUSTIN NICHOLAS MR.",2016,REP,P60005857,0
"ISRAEL, ABRAHAM",2016,REP,P60009834,0
"IWACHIW, WALTER N",2016,REP,P00004846,0
"JACKSON, DENNY CARROLL",2016,DEM,P60018611,0
"JACKSON, KRIS",2016,REP,P60015815,0
"JAMES, TOBUSCUS",2016,DEM,P60014107,0
"JANICE, HUGH NICHOLAS MR.",2016,DEM,P60011624,0
"JENNINGS, GERALD JOHN PROPHET II",2016,REP,P60008299,0
"JENSEN, NATHAN DAVID MR.",2016,REP,P60018033,0
"JEROBOAN, KINS",2016,REP,P60004900,0
"JINDAL, BOBBY",2016,REP,P60008398,0
"JOHNSON, AIDAN",2016,DEM,P60011194,0
"JOHNSON, ERIC PAUL",2016,DEM,P60013349,0
"JOHNSON, KRYSTAL SHANTRELL MS.",2016,DEM,P60011657,0
"JOHNSON, TYRONE MR",2016,REP,P60008117,0
"JONES, KELBY ANDREW MR.",2016,DEM,P60008737,0
"JONES-TAYLOR, GAYLE LOLETHA MS",2016,DEM,P60007291,0
"JUDD, KEITH RUSSELL",2016,DEM,P60003530,0
"JUDY, CODY ROBERT",2016,DEM,P20003372,0
"JUSTICE, BRENDA DAWN",2016,REP,P60005261,0
"KADEY, JOHN K MR.",2016,REP,P60022944,0
"KALEMKARIAN, TIMOTHY CHARLES",2016,REP,P60003175,0
"KALE, STEPHEN DR.",2016,DEM,P60017308,0
"KALINCHEVA, MAGDALINA G DR",2016,REP,P60009438,0
"KALINCHEVA, MAGDALINA G DR",2016,REP,P60009818,0
"KAMINSKY, GLENN MR.",2016,DEM,P60006418,0
"KARPACS, GEORGE A",2016,REP,P60019502,0
"KASICH, JOHN R",2016,REP,P60003670,0
"KEITA, MOHAMMED",2016,DEM,P60007689,0
"KELSO, LLOYD THOMAS",2016,DEM,P60007267,0
"KENNELLY, KRISTEN",2016,DEM,P60019619,0
"KETENBRINK, BILLY",2016,REP,P60019742,0
"KILTON, MICAH LEE MR,",2016,REP,P60021292,0
"KINLAW, MICHAEL WAYNE",2016,REP,P60004819,0
"KISSI, ALEXANDER OB. BISHOP",2016,REP,P60008877,0
"KIVIOR, AIMEE",2016,DEM,P60022365,0
"KNOLL, JOHN JR",2016,REP,P60021458,0
"KRONBERG, JOSHUA REESE",2016,DEM,P60023660,0
"KUBACH, NATHAN K",2016,REP,P60016490,0
"KURDZIEL, ANTHONY MR",2016,DEM,P60011764,0
"LANDE CLARK, MICHELLE MARIE MRS.",2016,DEM,P60015898,0
"LANG, JENNIFER MARIE DR.",2016,REP,P60008232,0
"LAPAN, KASEY RYAN",2016,REP,P60013901,0
"LAROSE, JOSUE",2016,REP,P60004777,0
"LAVIGNE, JONATHAN PAUL",2016,DEM,P60006095,0
"LAWRENCE-OSORIO, NIISA",2016,DEM,P60021037,0
"LAX MILLER, LORETTA",2016,DEM,P20003042,0
"LEE, MONROE",2016,REP,P80003734,0
"LEILI, ADAM DANIEL",2016,REP,P60011962,0
"LENTS, BRAYDYN GIOVANNI",2016,REP,P60014321,0
"LEONARD, JERRY L",2016,REP,P60005089,0
"LESSIG, LAWRENCE",2016,DEM,P60009685,0
"LIBRACE, DAVID",2016,REP,P60008638,0
"LICE, SOME",2016,REP,P60021409,0
"LIEGH, ZACHARIUS",2016,DEM,P60018868,0
"LILLARD, DAVID JAMES DR.",2016,REP,P60011038,0
"LILPUP, LUCY CHIMI MRS.",2016,REP,P60017225,0
"LINDER, MATTHEW STEVEN",2016,DEM,P60007150,0
"LONG, CHARLES ANTHONY",2016,REP,P60009040,0
"LOPEZ, AURORA",2016,REP,P20003612,0
"LOWE, DONALD EUGENE",2016,DEM,P60006426,0
"LYNCH, DENNIS M",2016,REP,P60006814,0
"LYNCH, DENNIS MICHAEL",2016,REP,P60006954,0
"LYNCH, FRANK",2016,REP,P80004567,0
"LYNCH, JAMES P SR",2016,REP,P60017423,0
"LYNCH, WILLIAM CHARLES",2016,DEM,P60015716,0
"MACK, RASHON D.",2016,REP,P60021789,0
"MALONE, YEHANNA JOAN M M",2016,REP,P00003814,0
"MANDELA, BARACK OBAMA MR.",2016,DEM,P60019015,0
"MAO, ANDREW",2016,DEM,P60016714,0
"MARKOVICH, BARBARA MAE ADAMS",2016,REP,P60005410,0
"MARTIN, HARVEY MR.",2016,DEM,P60017332,0
"MARTIN, JAMES RAY",2016,REP,P60008505,0
"MARTIN, JOHN DAVID",2016,DEM,P60011541,0
"MARTIN SR, ALONZO TABLET",2016,REP,P60009909,0
"MARTINX, ANDY",2016,REP,P60008943,0
"MARTISKO, MIKE BENJAMIN",2016,REP,P00003756,0
"MASSEY, PADDINGTON VERMON MS.",2016,DEM,P60009420,0
"MATHEWS, CORNELUIS",2016,REP,P60009123,0
"MATHIAS, LONNIE WAYNE",2016,DEM,P60018058,0
"MAUL, LESTER RALPH MR JR",2016,DEM,P60006913,0
"MAXWELL, KENNY MAI BALLZ MR",2016,REP,P60012770,0
"MCALLISTER, RENEE BETH",2016,DEM,P60017910,0
"MCCARTHY, JOHN EDWARD MR.",2016,REP,P60011293,0
"MCCARTHY, STEPHEN JOHN",2016,REP,P60018975,0
"MCCOY, MAX CAT",2016,REP,P60018579,0
"MCCUBBINS, LIMBERBUTT",2016,DEM,P60007366,0
"MCDOWELL, EDDIE",2016,REP,P40000820,0
"MCGEE, ROBERT DERK",2016,REP,P60015591,0
"MCGHEE, ROBERT MR.",2016,REP,P60013976,0
"MCKEEN, JEREMY MARC",2016,DEM,P60009800,0
"MCKOCKENER, BERRY JO MR.",2016,REP,P60011608,0
"MCKOWN, DARRELL MACK",2016,REP,P60007580,0
"MCMENEMY, MICHAEL",2016,DEM,P60007333,0
"MCMILLAN, JIMMY ""RENT IS TOO DAMN HIGH",2016,REP,P60016805,0
"MEADOWS, NATHAN EVAN",2016,REP,P60009362,0
"MEADOWS, SHERRY A",2016,DEM,P80003031,0
"MELGAR, ANTONIO ORLANDO",2016,DEM,P60018348,0
"MESSINA, PETER",2016,REP,P60009859,0
"MICHAELS, DANIEL TRAVIS",2016,DEM,P60005964,0
"MILLER, JASON",2016,DEM,P60016896,0
"MILLER, RAYMOND MELVIN",2016,REP,P60006731,0
"MILLS, DAVID ALLEN",2016,DEM,P60007499,0
"MILLS, DAVID ALLEN MR",2016,REP,P60008612,0
"MILLS, JESSI LYNN",2016,REP,P60013075,0
"MIMS, TIFFANI EL DAWN",2016,REP,P60004827,0
"MISSELT, STEVEN ERIK",2016,DEM,P60016532,0
"MITCHELL, JAMES CREIGHTON JR",2016,REP,P80003635,0
"MITCHELL, JAMES CREIGHTON MR JR",2016,REP,P60006012,0
"MOGYOROSSY, JULIUS E.",2016,DEM,P60016482,0
"MOLLENHOUR, GRADY DEAN REV JR",2016,DEM,P40002446,0
"MONDA, CHRISTOPHER",2016,DEM,P60010147,0
"MONTAIGNE, ETRAIN MR",2016,REP,P60017514,0
"MOORE, JASON THOMAS MR.",2016,REP,P60023231,0
"MOORE, TIMOTHY JAY MR.",2016,REP,P60006889,0
"MOOSE LOOKALIKE FOOL THAT WILL, DOG EA",2016,REP,P60021938,0
"MORCHAK, CHRISTOPHER CARNEY",2016,REP,P60019932,0
"MORRISSEY, JOHN FRENCH MR.",2016,REP,P60018496,0
"MOWERY, CONNER JAMES",2016,REP,P60023538,0
"MUCCI, JOSEPH",2016,DEM,P60017258,0
"MURPHY, ROME II",2016,DEM,P60004876,0
"NEAL, MICHAEL TIMOTHEY",2016,REP,P60022662,0
"NEGLE, THOMAS EDWARD",2016,REP,P60016466,0
"NELSON, EDWARD",2016,DEM,P60020120,0
"NEURO, XAVIER G.",2016,DEM,P60012408,0
"NEWLAND, K. ROSS",2016,REP,P60007937,0
"NEWMAN, DAN POE MR",2016,DEM,P60019478,0
"NORTHUP, PETER MR. II",2016,REP,P60013919,0
"NORWOOD, QUINON MARVIN MR. IV",2016,REP,P60018918,0
"NUNN, BRETT A",2016,REP,P60016821,0
"OELTJENBRUNS, THOMAS COLE",2016,REP,P60016862,0
"OGIN, FREDERICK EUGENE",2016,DEM,P40000382,0
"OGLE, JAMES ORLANDO III",2016,DEM,P60004322,0
"OLEWINE, SCOT GRANT",2016,REP,P60005691,0
"OLIVEREZ, ESTEBAN MIGUEL MR.",2016,REP,P60008687,0
"O'MALLEY, MARTIN JOSEPH",2016,DEM,P60007671,0
"O'NEILL, BRIAN",2016,DEM,P60015740,0
"O'NEILL, JAMES J",2016,REP,P60017670,0
"OSTROM, DAVID BRADY",2016,REP,P60013059,0
"OTIS, JAMES LAMBERT",2016,REP,P60019999,0
"OTT, SUSAN GELBER",2016,DEM,P60006962,0
"OWENS, DANIEL ROBERT",2016,DEM,P60005360,0
"PADGETT, DEVON DEEZ NUTZ",2016,REP,P60013018,0
"PARADISE, CHRISTOPHER JOHN SENIOR",2016,REP,P60012267,0
"PATAKI, GEORGE E",2016,REP,P60007572,0
"PATTERSON, STEPHEN MICHAEL",2016,DEM,P60008695,0
"PAUL, RAND",2016,REP,P40003576,0
"PAVILACK, HARRY",2016,DEM,P60005519,0
"PAYAN, JESUS JR.",2016,DEM,P60014768,0
"PCOLA, JOSEPH CASH",2016,DEM,P60019551,0
"PCOLA, SKYLAR TRISHA ALLISON HOLLY",2016,DEM,P60019601,0
"PEARSON, DENNIS",2016,DEM,P60017118,0
"PENDLETON, CATHY JOHNSON",2016,DEM,P60015013,0
"PERICOLO, ANTHONY AMERIGO MR.",2016,REP,P60012473,0
"PERKINS, ANGUS VALENTINO",2016,DEM,P60008752,0
"PERRY, JAMES R (RICK)",2016,REP,P20003281,0
"PETER, RICHARD",2016,REP,P60005634,0
"PETERSON, RON PETE",2016,DEM,P60021730,0
"PETYO, MICHAEL EDWARD",2016,REP,P60005626,0
"PIATT, MARTY",2016,REP,P60007283,0
"PINON, GILBERT PAUL",2016,DEM,P60014990,0
"PLEASE, BITCH",2016,REP,P60018173,0
"POTTER, ARTHUR (ART) JOHN IV",2016,REP,P60013448,0
"POWERS, C",2016,DEM,P20002986,0
"PRESTE, PAUL GEORGE",2016,REP,P60012325,0
"PRIBBLE, ROBERT LEONARD II",2016,DEM,P60009073,0
"PROPSNER, WILLIAM PAUL",2016,REP,P60008547,0
"PURDY, MASON ALAN",2016,DEM,P60018710,0
"PUSKAR, MICHAEL BRANDON",2016,REP,P60022043,0
"QUINCEL, ROBERT TODD",2016,DEM,P60015112,0
"RAFFONE, JOHN LOUIS MR",2016,DEM,P60006707,0
"RAMIE, TIFFANY KISHWANDA",2016,DEM,P60014933,0
"RAMOS, LUIS ALBERTO JR",2016,DEM,P20002481,0
"RANCK, CONNOR JORDAN",2016,REP,P60020021,0
"REECE, LEVI GARRETT",2016,REP,P60016730,0
"REEVES, RANDALL DEAN",2016,DEM,P60018009,0
"RHODES, LEE",2016,DEM,P60006160,0
"RODEO, KENNY",2016,REP,P60007887,0
"RODRIGUEZ, JAMES WARD",2016,REP,P60015435,0
"ROGERS, LORREN MR",2016,REP,P60008307,0
"ROHRBACKER, RUSSELL WILLIAM",2016,DEM,P60009032,0
"ROSE, CINDY ELLEN MS.",2016,REP,P60017738,0
"ROSE, RUBY SUMMER MADAME III",2016,REP,P60017597,0
"RUBIO, MARCO",2016,REP,P60006723,0
"RUNDBERG, JIM LENNART",2016,REP,P20002051,0
"RUSSELL, BRIAN PATRICK KETTERER",2016,REP,P60004942,0
"SABBAG, DOUGLAS WALTER",2016,DEM,P60006467,0
"SAMUELSON, VIRGIL FARLY MR.",2016,REP,P60016771,0
"SANDERA, ROBERT WILLIAM",2016,DEM,P20004909,0
"SANDERS, BERNARD",2016,DEM,P60007168,900
"SANITY, BRINK",2016,REP,P60010709,0
"SANTORUM, RICHARD J.",2016,REP,P20002721,0
"SCHIESS, JOHN T",2016,REP,P60005170,0
"SCHROEDER, WILL DR",2016,DEM,P60007390,0
"SCHWEIGERT, MARGARET ELIZABETH",2016,DEM,P60016292,0
"SCRUGGS, MICHAEL W REVEREND",2016,DEM,P60008067,0
"SELEY, MICHAEL TRINH MR.",2016,REP,P60019353,0
"SERINO, CHRISTIAN THOMAS",2016,DEM,P60015997,0
"SHANLEY, BRIAN JAMES",2016,REP,P60014081,0
"SHEPARD, JACK EDWARD",2016,DEM,P80004021,0
"SHERMAN, JEFFERSON WOODSON",2016,REP,P60005345,0
"SHERRIL, PETER WILLIAM",2016,REP,P60013281,0
"SHEWBERT, DUSTIN RYAN MR SR",2016,DEM,P60014024,0
"SHREFFLER, DOUG (I)",2016,DEM,P20005229,0
"SHRUM, ROBERT MR.",2016,REP,P60017993,0
"SHUE, NOAH",2016,DEM,P60011137,0
"SHUTT, ZACHARY DEREESE",2016,DEM,P60012630,0
"SIMMONS, MICHAEL GENE MR.",2016,REP,P60010402,0
"SIMS, GREGORY EVANS",2016,REP,P80005838,0
"SINGLETON, JEROME",2016,DEM,P60007044,0
"SINGLETON, KEITH",2016,DEM,P20002101,0
"SISLER, JESSE",2016,DEM,P60017407,0
"SLEGGS, MARK MR.",2016,REP,P60007531,0
"SLOAN, SAM",2016,DEM,P20004537,0
"SMITH, DARRYL JOHN MR.",2016,REP,P60009412,0
"SMITH, JEFFREY LYNN",2016,REP,P60007564,0
"SMITH, KEITH",2016,DEM,P60005469,0
"SNOEYINK, NOLAN",2016,REP,P60017548,0
"SNYDER, SPENCER ERIC MR.",2016,REP,P60007184,0
"SOPKOVICH, NICHOLAS ALEXANDER",2016,DEM,P60005113,0
"SPEARS, ALAN ERROL ESQ.",2016,REP,P60005790,0
"STAUFFER, SCOTT WESLEY",2016,REP,P60009388,0
"STEHM, DANIEL",2016,REP,P60013687,0
"STEINBERG, MICHAEL ALAN",2016,DEM,P60005055,0
"STEPHENS, HERBERT MURRAY",2016,REP,P60017696,0
"STEPHENSON, MICHAEL",2016,DEM,P60020534,0
"STETSON, JOSEPH ARTHUR",2016,REP,P60007481,0
"STEVENS, SHERLENE",2016,REP,P60004884,0
"STEWART, MARK",2016,DEM,P60018116,0
"STONER, MEGAN",2016,REP,P60013786,0
"STRICKLAND, TIMMY WAYNE",2016,REP,P20003604,0
"SZCZEPANSKI, MICHAEL GARY DR",2016,REP,P60007556,0
"TAGUE, JORDAN",2016,DEM,P60010139,0
"TAYLOR, TROY EMERY",2016,REP,P60013190,0
"TERAN, VIRGINIA MORALES MS",2016,DEM,P60015047,0
"THOLE, LUKE ANTHONY",2016,DEM,P60016441,0
"THOMAS, MARY MS",2016,DEM,P60019940,0
"THOMAS, MAXWELL",2016,REP,P60008794,0
"TOLBERT, ROBERT",2016,DEM,P60017456,0
"TOMLINSON, DWAYNE ALAN",2016,REP,P60004892,0
"TOPPIN, GABRIEL RYAN MR. 1ST",2016,REP,P60018587,0
"TOUCHETTGESS, MICHELE ANN JONES",2016,DEM,P60008430,0
"TRACY, ROBERT BRUCE",2016,REP,P60015757,0
"TRUMP, DONALD J.",2016,REP,P80001571,19714254
"TRUMP, THE MUSLIM DICTATOR",2016,REP,P60018835,0
"UHRIC, RAYMOND JOHN",2016,DEM,P60006905,0
"UNDERWOOD, FRANCIS J",2016,DEM,P60010162,0
"UNIGARRO, RUGGI S MR.",2016,REP,P60023090,0
"UTTER, ELI",2016,DEM,P60018850,0
"VALDEZ, LANINE",2016,DEM,P60011475,0
"""VAL"" VALMA PAUL",2016,REP,P60016383,0
"VANN, AARON NACNAN",2016,DEM,P60017134,0
"VAUGHN, CORROGAN R",2016,REP,P80004237,0
"VIDAL, FREDERIC I PHD",2016,REP,P60021870,0
"WADE, ASHTON",2016,REP,P60019635,0
"WALKER, SCOTT",2016,REP,P60006046,0
"WALKER, THAI ALLEN REV.",2016,REP,P60009107,0
"WALLACE, JOHN STEPHEN",2016,REP,P60017902,0
"WALLS, JIMELLE LEANNA",2016,DEM,P60017522,0
"WALSH, BRUCE MR",2016,DEM,P60014966,0
"WALSH, JOHN R III",2016,DEM,P60006988,0
"WANG, AVIVA",2016,DEM,P60014016,0
"WARNER, STANLEY WESLEY",2016,REP,P60009214,0
"WEGRZYNOWSKI, JEFFREY ALLEN DR",2016,REP,P60019460,0
"WEIL, RICHARD LYONS",2016,DEM,P60007119,0
"WELLS, ROBERT CARR JR",2016,DEM,P20004065,0
"WESTERVELT, HAROLD POPE III",2016,REP,P60015658,0
"WEST, WARREN PHILIP",2016,REP,P60009354,0
"WILLIAMS, BRIAN PIERRE MR.",2016,DEM,P60010568,0
"WILLIAMS, ELAINE WHIGHAM",2016,DEM,P60005204,0
"WILLIAMS, GUS MR.",2016,DEM,P60018264,0
"WILLIAMS, JULIAN ALPHONSE",2016,REP,P60019312,0
"WILLIAMS, RYAN CHARLES",2016,DEM,P60009925,0
"WILLIAMS, SAUL III",2016,DEM,P60015948,0
"WILLIAMS, SUNEETA",2016,REP,P60020344,0
"WILLINGHAM, JOHN WILLIAM",2016,REP,P60011335,0
"WILLS, KRYSTIN ALEXIS",2016,DEM,P60005329,0
"WILSON, WILLIE",2016,DEM,P60007515,0
"WINDETT, JEFFREY JAMES MR",2016,DEM,P60005873,0
"WINSLOW, BRAD MR.",2016,DEM,P60007754,0
"WINTERBOTTOM, THOMAS FRANCIS",2016,DEM,P00003244,0
"WOLFCHILD, REBECCA MRS.",2016,DEM,P60012713,0
"WOZNIAK, MARIO FRANCIS",2016,DEM,P60013802,0
"WYMAN, KAYE",2016,REP,P60007705,0
"YE, MICHAEL MR",2016,DEM,P60021516,0
"YORK, AMOS DALTON",2016,DEM,P60019866,0
"YOUNG, SUSAN",2016,DEM,P60008026,0
"ZARIKTA, DAVID MR",2016,REP,P60020104,0
"ZITELLO, TAMORA V",2016,REP,P60019494,0
"ACKER, BRANDON W",2020,DEM,P00009217,0
"ACORD, ROBERT BRADFORD LEE",2020,DEM,P00008979,0
"ADAMS, EMILY ROSE MS",2020,DEM,P00015529,0
"AEBI, ESTHER CAROLINE",2020,DEM,P00009563,0
"AFZAL, INNAYA FATIMA MS.",2020,REP,P00014688,0
"AGUIAR, MICHAEL",2020,DEM,P00006247,0
"AGUN, BURAK",2020,DEM,P00011536,0
"AHN, SHINAE MS",2020,DEM,P00008193,0
"ALEAANDRIA-WILLIAMS, MARION LATROY MR.",2020,DEM,P00012252,0
"ALIQUO, FRANZ MR.",2020,DEM,P00010975,0
"ALLRED, ANTHONY JAMES",2020,DEM,P00009944,0
"ALSTON, DONNA JEAN MISS",2020,DEM,P00007906,0
"ANDERSON, CONTESSA COURTNEY",2020,DEM,P00011817,0
"ANDERSON, JOE EDWARD PASTOR DR.",2020,REP,P00006858,0
"ANTHONY, NAKIA LACQUERS",2020,DEM,P00006296,0
"ARDINI, ROBERT",2020,REP,P00010678,0
"ARMSTEAD, MARTINA",2020,DEM,P00009316,0
"ARTH, MICHAEL E.",2020,DEM,P00008235,0
"ARZU, CHRISTIAN ALEXANDER",2020,DEM,P00005785,0
"ATANUS, SUSANNE",2020,DEM,P00008128,0
"ATHANS, JAMES NO MIDDLE NAME JR.",2020,DEM,P00009977,0
"AUBIN, MARK-CHRISTIAN ANTHONY",2020,REP,P00008417,0
"AYER, NILES",2020,DEM,P00005934,0
"BADRAN, PRECIOUS SHIRLEY",2020,DEM,P00014514,0
"BAGBY, MICHAEL PAUL",2020,REP,P00015222,0
"BAKER, DANIEL",2020,DEM,P00010686,0
"BANCHIO, LACIE CARMEN",2020,REP,P00015206,0
"BANNISTER, WALTER RANDALL DR.",2020,REP,P00006049,0
"BARBETTA, CONSUELO MARIE",2020,DEM,P00015776,0
"BARNA, TYLER",2020,DEM,P00010207,0
"BARRINGER, ANDREW LOCKLIN",2020,REP,P00005066,0
"BECKER, JOSHUA MATTHEW",2020,DEM,P00008805,0
"BECK, SANDERSON",2020,DEM,P40002461,0
"BEEBE, JORRAN LEE",2020,DEM,P00009134,0
"BEGGARLY, MATTHEW THOMAS MR.",2020,DEM,P00010041,0
"BELLAR, BARBARA RUTH DR.",2020,REP,P00012799,0
"BELL, JAMES",2020,DEM,P60007523,0
"BENNET, MICHAEL F.",2020,DEM,P00011833,0
"BENZEL, JULIANNE ELIZABETH MRS.",2020,REP,P00007492,0
"BICKELMEYER, MICHAEL",2020,REP,P00004861,0
"BIDEN, JOSEPH R JR",2020,DEM,P80000722,0
"BILLINGS-ELIAS, CHRISTINA GERASIMOS",2020,DEM,P80004120,0
"BITTAY-D'INTINO, CARRIE RN",2020,DEM,P00009514,0
"BLACK, ELIZABETH",2020,DEM,P00006031,0
"BLAIN, DANIEL",2020,DEM,P00009068,0
"BLOOMBERG, MICHAEL R.",2020,DEM,P00014530,0
"BLYTH, JOHN DOUGLAS",2020,DEM,P80003114,0
"BOLLING, LAVARION",2020,REP,P00005744,0
"BOOKER, CORY A.",2020,DEM,P00009795,0
"BORING, PAIJ",2020,REP,P60016888,0
"BOROCH, EVAN BERNARD",2020,DEM,P00011825,0
"BOWER, JACKIE IRENE",2020,DEM,P00006023,0
"BOYD, MOSEMARIE DORA (""MOSIE"")",2020,DEM,P00013201,0
"BOYLE, THOMAS JOSEPH MR.",2020,DEM,P00011676,0
"BRADFORD, DAPHNE DENISE",2020,DEM,P00008532,0
"BRAFORD, THOMAS ARTHUR MR.",2020,REP,P00014456,0
"BRAINARD, CHRISTOPHER",2020,REP,P00009167,0
"BRAUN III, HARRY WILLIAM",2020,DEM,P00006676,0
"BRODERSEN, LUKE ALLEN",2020,DEM,P00016071,0
"BROWN, DORIS J W",2020,DEM,P00011429,0
"BROWN, ERIK",2020,REP,P00010637,0
"BROWN, GEORGE CLINTON",2020,DEM,P00005595,0
"BUCHSER-LOCHOCKI, SUSAN",2020,REP,P00014357,0
"BUENROSTRO ORTIZ, JUAN MANUEL",2020,DEM,P00012476,0
"BUKEWIHGE, EDIE",2020,DEM,P40002909,0
"BULLOCK, STEVE",2020,DEM,P00011999,0
"BUNYAN, NOAH MR.",2020,DEM,P00006536,0
"BURCHELL, TERESA",2020,REP,P00013367,0
"BURD, ZACHARY",2020,REP,P00014092,0
"BUSH, RONALD MR",2020,DEM,P00007104,0
"BUTTIGIEG, PETE",2020,DEM,P00010298,0
"CAESAR, PRESIDENT EMPEROR",2020,DEM,P80003221,0
"CALDERON, CHRISTOPHER SALAZAR",2020,DEM,P00013011,0
"CAMPBELL, JOHNNIE C",2020,DEM,P60005147,0
"CARLUCCIO, PAUL AUGUSTINE",2020,DEM,P00006437,0
"CARTER, WILLIE FELIX",2020,DEM,P80000268,0
"CARY, CJ L MR.",2020,REP,P00013615,0
"CASSIBA, SAMUEL",2020,DEM,P00012419,0
"CASTRO, JULI√ÅN",2020,DEM,P00009092,0
"CATER, CORBIN ZANE",2020,REP,P00005082,0
"CAVANAGH, ERIC SCOTT",2020,REP,P40003584,0
"CHANDLER, PATRICIA ELAINE MS.",2020,REP,P00015321,0
"CHANEY, ROGER MR JR",2020,DEM,P00011080,0
"CHAVEZ, RAMIE NICOLE",2020,REP,P00011924,0
"CHILDS, CAYLEND ANTHONY EDWARD MR C.A.",2020,DEM,P00007070,0
"CHIODO, DAMIEN GARRETT MR.",2020,DEM,P00006510,0
"CHORD SCHULER, GAIL",2020,REP,P00005843,0
"CHURILLA, JASON EDWARD",2020,DEM,P00012773,0
"CICCONE, JONCARLO",2020,DEM,P00008375,0
"CISNEROS, CESAR",2020,REP,P20002390,0
"CLARK, MELVIN WAYNE",2020,DEM,P00007716,0
"CLAYTON, CHRISTOPHER MR.",2020,REP,P00010744,0
"CLEMENT, MARY",2020,DEM,P00014399,0
"CLIFTON, TIRELL ALEXANDER MAXWELL REV.",2020,DEM,P00006171,0
"COLLINS, JOE EDWARD III",2020,REP,P00005439,0
"COLLINS, KEVIN",2020,DEM,P00007625,0
"COLLINS, NAZZARAE",2020,DEM,P00012393,0
"COMLEY, STEPHEN BRADLEY,SR",2020,REP,P60014396,0
"COOPER, RICHARD D MR",2020,DEM,P00009787,0
"COPE, PATRICK ALLEN MR",2020,REP,P00008250,0
"CORTESE, PHILIP",2020,DEM,P00017467,0
"COX, ADRIAN J 1999",2020,DEM,P00008748,0
"CRAIG, KEELY ANN",2020,REP,P00005488,0
"CRISELL, THEODORE MILLARD MR.",2020,DEM,P00007708,0
"CUNNINGHAM, HART P.",2020,DEM,P00006825,0
"DACEY, JOHN MR.",2020,DEM,P00006700,0
"DANG, BETTY",2020,REP,P00014506,0
"DAVIS, DANIEL L MR.",2020,REP,P00006379,0
"DAVIS, MARIA HARPER MRS",2020,DEM,P00011270,0
"DAVLIN, BENNETT JOSHUA",2020,DEM,P00014365,0
"DE BLASIO, BILL",2020,DEM,P00012054,0
"DECLEMENTS, DANIEL",2020,REP,P00012369,0
"DE LA FUENTE, ROQUE III",2020,DEM,P00014613,0
"DE  LA  FUENTE, ROQUE ROCKY",2020,REP,P60016342,0
"DELANEY, JOHN K.",2020,DEM,P00006213,0
"DE LA TORRE, CHRISTOPHER JOSEPH",2020,REP,P00009472,0
"DELGADO, JIMMY DR",2020,DEM,P00009597,0
"DERN, ROBIN",2020,DEM,P00014639,0
"DIETRICH, GEORGE WAYNE MR. II",2020,DEM,P00009605,0
"DIR, HOPE ELAINE",2020,REP,P00015347,0
"DOLIN, CHRISTOPHER RANDALL",2020,DEM,P00010074,0
"DUCKWALD, WANDA GAYLE",2020,REP,P60005709,0
"DUNHAM II, MARK LONDON",2020,DEM,P00007443,0
"DUNLAP, JASON E SFC",2020,DEM,P00010132,0
"DWORAK, FRANK WALTER",2020,DEM,P00009720,0
"DYER, ELIZABETH MARIE",2020,REP,P00014712,0
"EBERLY, MELVIN FRANCIS",2020,REP,P00006783,0
EDEN,2020,DEM,P60009495,0
"EDMONDS, SIMON",2020,DEM,P00006056,0
"EDWARDS, LONNIE",2020,DEM,P00017012,0
"EGAN, WILLIAM CARL",2020,REP,P00009746,0
"EHRENREICH, RYAN STEPHEN",2020,REP,P00011395,0
"ELLINGER, MICHAEL A",2020,DEM,P00010967,0
"ELY, BOB (ROBERT MOULTON-ELY)",2020,DEM,P20004347,0
"EMRIT, RONALD SATISH",2020,DEM,P60005535,0
"EPPS, LESLIE",2020,DEM,P00014720,0
"ESPINOSA, GEBY E",2020,REP,P60009958,0
"EVANS, NICHOLAS",2020,REP,P60007002,0
"FAAS, SOURAYA",2020,DEM,P60007176,0
"FARBER, RYAN ANDREW",2020,DEM,P00006981,0
"FAROOQ, MUHAMMAD UMAR",2020,DEM,P00015156,0
"FARRELL-SMITH, KELAN JOHN MR.",2020,DEM,P00005819,0
"FARRIS, JADEN THOMAS MR.",2020,DEM,P00009928,0
"FERET, GRAPELTON MONROE",2020,DEM,P00005652,0
"FIRMANI, JAMES PARIS",2020,REP,P60009297,0
"FLUDD, ERIC RENALDO",2020,REP,P00008094,0
"FLYNN, JOHN",2020,REP,P00013383,0
"FONT, DR JOSE",2020,DEM,P00010652,0
"FORSMAN, CATHERINE ANNE",2020,DEM,P00007179,0
"FOSTER, MICHAEL ANDREW DR.",2020,DEM,P00015362,0
"FOX, JAMES CARTRELL MR ST",2020,DEM,P00011809,0
"FOXX, DAKODA",2020,DEM,P00004911,0
"FRASER, AARON",2020,DEM,P00009506,0
"FRISHBERG, DANIEL SHOLOM",2020,REP,P00012294,0
"FRISKEY, JOHNNY RAE",2020,REP,P00005272,0
"FULLER, L.C. MR. JR.",2020,DEM,P00016022,0
"GABBARD, TULSI",2020,DEM,P00009183,0
"GABRIEL, NAJAH KARIMA MS.",2020,DEM,P00010082,0
"GANZER, CALEB",2020,DEM,P00007328,0
"GARNER, MARQUIS ANTWAN",2020,DEM,P00008458,0
"GARVEY, JOSEPH H. MR.",2020,DEM,P00012526,0
"GASKILL, WILLIAM REECE",2020,REP,P00012963,0
"GAUL, CALEB",2020,DEM,P00008169,0
"GILBERT, JOHN J",2020,DEM,P00010843,0
"GILLEN, DONALD ROBERT",2020,DEM,P80004864,0
"GILLIBRAND, KIRSTEN",2020,DEM,P00009290,0
"GLASGOW, NATHANIEL",2020,REP,P60018371,0
"GLEIBERMAN, BEN",2020,DEM,P00011726,0
"GOMEZ, PAMELA MARIE MS.",2020,DEM,P00016360,0
"GOMEZ, RUDY EDWARD",2020,DEM,P00007476,0
"GOOD, DUSTIN L",2020,REP,P00011171,0
"GOODWIN, CHAD",2020,REP,P00017228,0
"GRAVEL, MAURICE ROBERT",2020,DEM,P00011254,0
"GRAY, HOSANNA JESSE O",2020,DEM,P80001936,0
"GREEN, ANDRE PHILLIP",2020,DEM,P00006478,0
"GREENE, ROSALIND FRANCINA",2020,DEM,P00005868,0
"GREENSTEIN, MARK",2020,DEM,P60021508,0
"GREEN, WEDNESDAY ALEXANDRA",2020,DEM,P00010488,0
"GRIFFITH, DAVID OSWALD",2020,REP,P00006239,0
"GRIMALDI, ANIELLO REV",2020,DEM,P00014605,0
"GROENDYK, GIDGET KAY",2020,DEM,P00008136,0
"GUILLAUME, GREGORY MARK",2020,REP,P60021128,0
"GUNFISH, DAVY",2020,DEM,P00015446,0
"GUNTER, JOHN CLYDE",2020,DEM,P00013664,0
"GUPTA, KESHAV",2020,DEM,P00013912,0
"GYURKO, ZOLTAN ISTVAN",2020,REP,P00014381,0
"HAAS, WILLIAM C (BILL)",2020,DEM,P00009662,0
"HALL, ELLA REE",2020,DEM,P00015669,0
"HARDWICK, STETSON 1990",2020,DEM,P00008201,0
"HARPER, JUSTIN",2020,REP,P00011510,0
"HARRIS, KAMALA D.",2020,DEM,P00009423,0
"HARRISON, ALVIN",2020,DEM,P00009936,0
"HARVEY, JAMES ARTHUR",2020,REP,P00013755,0
"HARVEY, TERRANCE JAMES",2020,REP,P00006734,0
"HASTING, VECTOR PATH",2020,DEM,P00012161,0
"HAWTHORNE, DE'SEAN RAYNARD REV.",2020,DEM,P00006387,0
"HAWTHORNE, REV. DE'SEAN SUNLIGHT M",2020,DEM,P00006593,0
"HAZZARD, SHANNON M",2020,DEM,P00012484,0
"HEATON, TYRELL J",2020,DEM,P00006254,0
"HENDERSON, JOSEPH RONALD",2020,DEM,P00014548,0
"HENDRICKS, DARRYL P",2020,DEM,P00007807,0
"HENKE, PHILIP",2020,DEM,P00004978,0
"HERZ, DAVID RAPHAEL MR.",2020,REP,P00006528,0
"HEWES, HENRY",2020,DEM,P80004765,0
"HEWETT, DONALD GLENN MR",2020,REP,P00008938,0
"HICKENLOOPER, JOHN W.",2020,DEM,P00010520,0
"HILL, ANTHONY DEWAYNE",2020,DEM,P00010181,0
"HILTON, AMIE NICOLE",2020,DEM,P00015107,0
"HOBBS, RICHARD",2020,REP,P00015727,0
"HODGES, CHARLES LANDON",2020,DEM,P00007195,0
"HOLLAND, JAMES L JR",2020,REP,P00013813,0
"HOLLOWAY, DANIEL M",2020,DEM,P00009282,0
"HOLT, JOE KENNETH JR.",2020,DEM,P00009647,0
"HOPE, WILLIAM",2020,DEM,P00007252,0
"HORN, LAWRENCE ROBERT",2020,REP,P00013482,0
"HOROWITZ, AMI",2020,DEM,P00011791,0
"HOWARD, ADRIENNE",2020,DEM,P00013904,0
"HOWE, ALAN",2020,DEM,P00008565,0
"HOWITT, JAMES WILLIAM",2020,REP,P00004945,0
"HOY, JOSHUA ALEXANDER MR.",2020,DEM,P00006106,0
"HUDSON HALE, MICHELLE R",2020,REP,P00008557,0
"HUNT, EUGENE ROSELL JR",2020,REP,P20002861,0
"INGRAM, SONIA SUSANNE",2020,REP,P00012583,0
"INSLEE, JAY R",2020,DEM,P00010454,0
"INVICTUS, AUGUSTUS",2020,REP,P00013037,0
"IWACHIW, WALTER N",2020,REP,P00004846,0
"JACKSON, ROBERT L",2020,DEM,P00007468,0
"JAMES, TERENCE ROGER",2020,DEM,P00006668,0
"JANSON, JAN",2020,REP,P00008151,0
"JOHNSON, CHRISTOPHER LEE",2020,REP,P00011890,0
"JOHNSON PENDLETON, CATHY DENISE",2020,REP,P00011908,0
"JOHNSTON, JACOB",2020,REP,P00006163,0
"JONES, ARNOLD MATTHEW",2020,DEM,P80002876,0
"JONES, ARNOLD MATTHEW",2020,DEM,P00010496,0
"JONES, MARVIN D",2020,DEM,P00015313,0
"JO, PATRICK H",2020,DEM,P00016055,0
"JORDAN, ROBERT",2020,DEM,P20003349,0
"JOSEPH, DEJAWON",2020,DEM,P00008037,0
"JOSEPH, ROBERT",2020,DEM,P00014647,0
"JUSTICE, BRENDA DAWN",2020,REP,P60005261,0
"KALEMKARIAN, TIMOTHY CHARLES",2020,REP,P60003175,0
"KANGAS, PAUL",2020,DEM,P00010926,0
"KATZ, MICHAEL",2020,DEM,P00011478,0
"KAWCZYNSKI, TOM",2020,REP,P00012708,0
"KELLY, NATHAN DOUGLAS MR ""NATHANAEL""",2020,REP,P00015370,0
"KIEHL, STUART LEE MR",2020,DEM,P00011288,0
"KIMBROUGH, EDWARD WAYNE MR.",2020,DEM,P00015677,0
"KIM, JASON CHANGKYU",2020,REP,P00015214,0
"KLEIN, JOHN JAMES",2020,REP,P00015768,0
"KLOBUCHAR, AMY J.",2020,DEM,P80006117,0
"KNEIP, KODY ALLEN",2020,REP,P00009241,0
"KNOLL, DAVID",2020,REP,P00012591,0
"KOOB, TREVOR WALTON",2020,REP,P00012914,0
"KORN, BERNARD",2020,DEM,P00005512,0
"KOZLOWSKI, BENJAMIN PETER",2020,DEM,P00007963,0
"KRICHEVSKY, RITA ANNA-MARIA",2020,DEM,P00015479,0
"KRONBERG, JOSHUA REESE",2020,DEM,P60023660,0
"LANDI, KEITH STEPHEN",2020,DEM,P00013318,0
"LANDINGHAM, MICHAEL D D. MR.",2020,DEM,P00012096,0
"LANGSTON, CHRISTOPHER LEE MR.",2020,DEM,P00005322,0
"LATHAM, CHARLENE YVETTE",2020,REP,P00011528,0
"LAU, JOANNA",2020,DEM,P00013268,0
"LECHKO, BLAINE RUSSELL",2020,DEM,P00009399,0
"LECKNER, ERIK",2020,DEM,P00011221,0
"LEE, WARREN",2020,DEM,P00006130,0
"LEFFERT, AKIVA",2020,DEM,P00010108,0
"LEGATE, JAMES WALTER MR. JR",2020,REP,P00011692,0
"LEONARD, KEITH",2020,DEM,P00005421,0
"LETNEY, BRAD ALLEN",2020,REP,P00015024,0
"LEVY, JEFERY",2020,DEM,P00007724,0
"LIBRACE, DAVID",2020,REP,P60008638,0
"LITTLE, PATRICK",2020,REP,P00009738,0
"LO, ERLYNDON",2020,DEM,P00012765,0
"LO, ERLYNDON JOSEPH ""JOEY""",2020,DEM,P00008367,0
"LONG, STEVEN FLOYD",2020,REP,P00008177,0
"LOWE, DONALD EUGENE",2020,DEM,P60006426,0
"LUTALO, RONALD MUWEREZA MR SR",2020,REP,P00005074,0
"LUZA, RADOMIR VOJTECH",2020,DEM,P00007799,0
"LYNCH, CLYDE",2020,DEM,P00017368,0
"LYONS SR, STEPHEN PATRICK",2020,DEM,P00013573,0
"MACIAS, LUIS MR. JR.",2020,REP,P00010959,0
"MADRIGAL DE PANCHO VILLA, RAY",2020,DEM,P00012385,0
"MA, JAMES",2020,DEM,P00009555,0
"MALLORY, SHERRY T MS",2020,DEM,P00008904,0
"MALONE, YEHANNA JOAN M M",2020,REP,P00003814,0
"MANOLATOD, GERASIMOS",2020,DEM,P00009860,0
"MAPP, HARRY TYRONE",2020,DEM,P00009233,0
"MARC, JONATHAN",2020,DEM,P00009712,0
"MARRON, DEBORAH ANN",2020,REP,P00012229,0
"MARTINI, JOHN PATRICK MR.",2020,DEM,P00006601,0
"MARTIN SR, ALONZO TABLET",2020,REP,P60009909,0
"MASON DO (RET), DR. JOHN CHRISTIPHER",2020,DEM,P00010272,0
"MATERN, MATTHEW",2020,REP,P00014340,0
"MATHEWS, JONATHAN DAVID MR",2020,REP,P00013219,0
"MCCARTHY, PATRICK",2020,DEM,P00012062,0
"MCGEE, ROBERT DERK",2020,REP,P60015591,0
"MCGUFFIN, JAMES DAWSON",2020,DEM,P00012302,0
"MCINNIS, CHARLETA",2020,DEM,P00012427,0
"MCKEE, TRAVIS W",2020,REP,P00013441,0
"MCKINLEY, MICHAEL MR",2020,DEM,P00012138,0
"MCLAIN, KELLY MR.",2020,DEM,P00005603,0
"MCMURRAY, JENNIFER",2020,DEM,P00008623,0
"MEEHAN, SHANE MICHAEL",2020,DEM,P00014936,0
"MELGAREJO, HERNAN DR.",2020,DEM,P00010421,0
"MERONEY, JAMES EDWIN",2020,REP,P00009670,0
"MICHAEL, TODD",2020,REP,P00013896,0
"MIKOLAY, GREGORY",2020,DEM,P00007948,0
"MILLER, CLARA SUE",2020,DEM,P00012344,0
"MIN, ANGELA JA YUNG MS.",2020,REP,P00012401,0
"MITCHELL, DARIUS LA''RON",2020,REP,P00010801,0
"MOATES, MICHAEL",2020,REP,P00005348,0
"MOLDAFSKY, ROBERT ION",2020,DEM,P00009308,0
"MOODY, TYRONE G MR JR",2020,DEM,P00011932,0
"MOORE, BRIAN PATRICK",2020,DEM,P80005275,0
"MOORE, R. DENNIS",2020,DEM,P00016048,0
"MOULTON, SETH",2020,DEM,P00011866,0
"MOUTOUX, BRIAN",2020,DEM,P00015164,0
"MURPHY, DARRYL",2020,REP,P00006411,0
"MURRAY, JASON",2020,DEM,P00007682,0
"NALLS, RANDALL",2020,DEM,P00008011,0
"NANTKES, ANDRE",2020,REP,P00009654,0
"NATZLE, BRENT JAY MR",2020,REP,P00009449,0
"NETTLETON, FREDERICK CAMIGLA MR SENIOR",2020,DEM,P00012757,0
"NEVIN, JACK ANGUS",2020,DEM,P00008730,0
"NEWNAN, BRIAN DEAN",2020,DEM,P00012146,0
"NICKLAUS, PATRICIA A",2020,REP,P00012518,0
"NOONAN, MICHAEL",2020,DEM,P00010355,0
"NOWELL, JANELLE MARIE",2020,DEM,P00006221,0
"NUSBAUM, DENNIS JEFFREY MR",2020,DEM,P00006718,0
"NWADIKE JR, KENNETH E",2020,DEM,P00006403,0
"NWADIKE, KENNETH E JR",2020,DEM,P00006395,0
"OAKES, KEVIN",2020,REP,P00005850,0
"OBRIEN, JAMES RICHARD SR",2020,REP,P00016576,0
"OCAMPO, NICHOLAS RYAN",2020,DEM,P00008813,0
"ODOM, WANDA MS.",2020,REP,P00013151,0
"O'DONNELL, JOHN ROBERT",2020,DEM,P00007161,0
"OGLE, JAMES ORLANDO III",2020,DEM,P60004322,0
"OHANIAN, GRANT ETHRIDGE MR",2020,DEM,P00006080,0
"OJEDA, RICHARD NEECE II",2020,DEM,P00008763,0
"O'KEEFE, JOHN",2020,DEM,P00005660,0
"OKUGO, CECILIA",2020,REP,P00009704,0
"OLIVER, MALCOLM KHALID",2020,DEM,P00011452,0
"O'ROURKE, ROBERT BETO",2020,DEM,P00010793,0
"OTTINGER, KEITH",2020,REP,P00012575,0
"PAISLEY, GORDON JAMES MR",2020,DEM,P00016949,0
"PALMER, MICHAEL WAYNE",2020,DEM,P00006585,0
"PANAGOPOULOS, DIMITRI ANASTASIOS MR. L",2020,REP,P00005264,0
"PATRICK, DEVAL",2020,DEM,P00014407,0
"PATTERSON, KEN",2020,REP,P00014332,0
"PATTERSON, STEPHEN MICHAEL",2020,DEM,P60008695,0
"PATTERSON-STRONG, LAUREN ASHLEY DR.",2020,DEM,P00014803,0
"PEPPE, JAMES",2020,REP,P00009951,0
"PERKINS, LABARRON 199",2020,DEM,P00008227,0
"PERRY, LEVOID DEXTER II",2020,DEM,P00007609,0
"PETER, JOSHUA THOMAS MR.",2020,DEM,P00012658,0
"PHILLIPS, ANDREW S MR",2020,DEM,P00015123,0
"PHIPPS, BRADYN MR.",2020,REP,P00012955,0
"PIATT, MARTY",2020,REP,P60007283,0
"PIAZZA, ANTHONY M.",2020,DEM,P00009027,0
"PIERCE, MARK ALLAN",2020,DEM,P00010587,0
"PIG, REFINO",2020,REP,P00009175,0
"POORE, CHASE MR.",2020,REP,P00016527,0
"POPE SR, WAYNE ANTHONY",2020,DEM,P00013045,0
"POWELL, GARRETT",2020,REP,P00015628,0
"POWERS, CHRISTIN NOEL MS.",2020,DEM,P00008946,0
"PRESTE, PAUL GEORGE",2020,REP,P60012325,0
"PRESTIA, KEVIN",2020,DEM,P00007583,0
"PRICE, CARROLL MONTAGUE MS./MR. JR.",2020,DEM,P00009548,0
"PRIDMORE, JAY P",2020,REP,P00008219,0
"PRINCESS, OAWLAWOLWAOL",2020,DEM,P00017038,0
"PUSKAR, MICHAEL BRANDON",2020,REP,P60022043,0
"RAINS, DARRYL SCOTT MR",2020,REP,P00012120,0
"RAMOS, DOMINGO DE JESUS MR",2020,REP,P00015834,0
"RAMOS, LUIS ALBERTO JR",2020,DEM,P20002481,0
"REED, JOSHUA JAMES",2020,DEM,P00009258,0
"RELLA, CHRISTOPHER PAUL",2020,DEM,P00010595,0
"RESCH, SUSAN",2020,REP,P00013029,0
"RHODES, LEE",2020,DEM,P60006160,0
"RICE, DAVID MICHAEL",2020,REP,P20003315,0
"RICE, NITA",2020,DEM,P00007831,0
"RICHARDSON, CECIL ALBERT REV.",2020,REP,P00006445,0
"RIVES, JAMES",2020,DEM,P00011940,0
"R JONES, DEEANNA MICHELLE DR",2020,REP,P00007435,0
"ROCKEFELLER, MEHAL DUKE",2020,REP,P00013920,0
"ROCKER, PAMELA DANELLE MRS.",2020,DEM,P00009902,0
"RODEO, KENNY",2020,REP,P00015131,0
"RODRIGUEZ, NANCY ELIZABETH MS.",2020,DEM,P00011031,0
"ROOSE, RODGER",2020,DEM,P00007591,0
"ROSAS, EMILY",2020,DEM,P00006775,0
"RUNDBLADE, SHAWN ERIC",2020,DEM,P00005330,0
"RUSSELL, CLINE 372867130504006 MR",2020,DEM,P00012435,0
"RYAN, TIMOTHY J.",2020,DEM,P00011338,0
"SABBAG, DOUGLAS WALTER",2020,DEM,P60006467,0
"SACKERMAN, KURT",2020,DEM,P00011783,0
"SAMMI, SAAR",2020,REP,P00013391,0
"SANDAGE, NEIL",2020,REP,P00016196,0
"SANDERA, ROBERT WILLIAM",2020,DEM,P20004909,0
"SANDERS, BERNARD",2020,DEM,P60007168,0
"SANFORD, MARSHALL HON",2020,REP,P00013649,0
"SAVALA, HARLAN VILAS",2020,DEM,P00015032,0
"SCHIESS, JOHN T",2020,REP,P60005170,0
"SCHULTZ, FREDERIC",2020,DEM,P00012310,0
"SCHWIGEN, GARY JAMES",2020,DEM,P00011742,0
"SCRUGGS, MICHAEL W REVEREND",2020,DEM,P60008067,0
"SEGAL, DANIEL",2020,DEM,P00010645,0
"SENEY, RAYMOND J",2020,DEM,P00009225,0
"SESTAK, JOSEPH A JR",2020,DEM,P00012567,0
"SHAJU, LISHA",2020,DEM,P00007112,0
"SHAPERO, MICHAELA",2020,REP,P00004994,0
"SHARKEY, JONATHON THE IMPALER",2020,REP,P80002884,0
"SHARP, STEVEN DOUGLAS MR.",2020,REP,P00008268,0
"SHAW, HOPE ELAINE",2020,REP,P00013508,0
"SHAW, ROBERT SIMON IV",2020,DEM,P00007088,0
"SHERRIL, PETER WILLIAM",2020,REP,P60013281,0
"SHERROD, JACOB MICHAEL",2020,REP,P00014597,0
"SHEWBERT, DUSTIN RYAN MR SR",2020,DEM,P60014024,0
"SHREFFLER, DOUG (I)",2020,DEM,P20005229,0
"SLOAN, SAM",2020,DEM,P20004537,0
"SMALLEY, NADIA B",2020,DEM,P00009845,0
"SMALLEY, NADIA BAHIA",2020,DEM,P00008797,0
"SMITH, GARY LEE",2020,DEM,P00013359,0
"SMITH, KEITH",2020,DEM,P60005469,0
"SMITH, ROBERT EUGENE",2020,REP,P00007039,0
"SMITH, RONALD BRYAN",2020,DEM,P00017376,0
"SMITH, SHARMIN LYNN",2020,DEM,P00008003,0
"SMYTH, HERBERT EZEKIEL ZEKE",2020,DEM,P00007500,0
"SNYDER, SPENCER ERIC MR.",2020,REP,P60007184,0
"SPEARS, ALAN ERROL ESQ.",2020,REP,P60005790,0
"STABINS, JEFF MR.",2020,REP,P00009076,0
"STAND, ROBERT",2020,DEM,P00012013,0
"STAUFFER, HOWARD RICHARD",2020,REP,P00014431,0
"STEFANSSON, STEFAN KARL",2020,DEM,P00008995,0
"STENGEL, MARC LESLIE",2020,REP,P00012500,0
"STEVENSON, TRAVIS LEE",2020,REP,P80005952,0
"STEWART, SEBASTIAN AUSTIN MR.",2020,REP,P00010280,0
"STEYER, TOM",2020,DEM,P00012716,0
"ST LOUIS, STEPHANIE SIMON",2020,DEM,P00009993,0
"STRAVAGAR, MAX",2020,DEM,P00014266,0
"STROUD, DONNA HAN",2020,REP,P00007997,0
"SUMMERS, LUKE AUSTIN",2020,DEM,P00012260,0
"SWALWELL, ERIC MICHAEL",2020,DEM,P00011312,0
"TAMBURO, MARI",2020,DEM,P00011049,0
"TATE, ALEXANDRIA",2020,REP,P00009589,0
"THEZION (CORREA), MOSHEH (LUIS) EDWARD",2020,DEM,P00005975,0
"THISTLE, DAVID JOHN MR.",2020,DEM,P00009571,0
"THOMAE, KEITH MD FACS",2020,REP,P00010546,0
"THOMAS, OATICE MITCHELL MR.",2020,REP,P00013052,0
"TIEN, JOSHUA",2020,DEM,P00015594,0
"TOLBERT, ROBERT",2020,DEM,P60017456,0
"TRUMP, DONALD J.",2020,REP,P80001571,25373923
"TURNER, GARY C",2020,DEM,P00008425,0
"VARNADO, DWAYNE",2020,DEM,P00005553,0
"VARNADO, KEYSHAWN DWANYE",2020,DEM,P00005355,0
"VAVAO, TALALUPE FONZIE MR",2020,DEM,P00005736,0
"VESTERMARK, JAMES A",2020,REP,P00012815,0
"VILLAGRANA, JOSE ARNOLD",2020,DEM,P00009688,0
"VILLARI, TIMOTHY MICHAEL MR.",2020,REP,P00010033,0
"VOGEL-WALCUTT, JENNIFER",2020,DEM,P00011759,0
"VON BEVERN, RYAN NICHOLAS",2020,DEM,P00008102,0
"VOTRUBA, GREGORY FRANCIS",2020,DEM,P00008300,0
"WALKER, FRAN",2020,REP,P00012609,0
"WALKER, LARRY",2020,DEM,P00008359,0
"WALSH, JOE",2020,REP,P00013276,0
"WALTON, GREG",2020,REP,P00015925,0
"WARREN, ELIZABETH",2020,DEM,P00009621,0
"WARREN, LUKE",2020,DEM,P00013516,0
"WEBER, MARK ALLEN MR.",2020,DEM,P00005546,0
"WEIL, RICHARD LYONS",2020,DEM,P00008110,0
"WEISS, RAYNETTE KENNEDY",2020,DEM,P00009969,0
"WELCH, PAUL LENHART",2020,DEM,P00014910,0
"WELD, WILLIAM FLOYD (BILL)",2020,REP,P00011239,0
"WHARTON, JEFFREY R MR.",2020,REP,P00010306,0
"WIAND, FRED",2020,DEM,P00005942,0
"WILBURN, KATHY DENICE",2020,DEM,P00017087,0
"WILKINSON, COLLEEN MARIE",2020,DEM,P00017046,0
"WILLIAMS, GUS MR.",2020,DEM,P00013532,0
"WILLIAMSON, MARIANNE",2020,DEM,P00009910,0
"WILLIAMS, SAUL III",2020,DEM,P60015948,0
"WILLIAMS, WILLIAMS ELIZABETH (ADDISON)",2020,REP,P00016584,0
"WILSON, KURTIS KING MR",2020,DEM,P00009456,0
"WINTERBOTTOM, THOMAS FRANCIS",2020,DEM,P00003244,0
"WOLNY, JARED KYLE",2020,DEM,P00008714,0
"YANG, ANDREW MR.",2020,DEM,P00006486,0
"YOLLIN, RYAN HUNTER",2020,DEM,P00005629,0
"ZATOR, ERIC STEPHEN",2020,REP,P00013177,0
"ZAYAS, MICHAEL",2020,DEM,P00016295,0
"ZIK, MAAYAN Z",2020,DEM,P00010710,0
"ZORN, JEFFREY RALPH MR.",2020,DEM,P00005538,0
